movie_title,review
굿보이,상냥한 스필버그_45664
굿보이,"정신없고 산만하고 유치하고 억지스럽고
게다가 빠순이들의 무지성 별점투척에 신물이난다"
굿보이,까칠한 전도연_106912
굿보이,유치하다........
굿보이,준호_282968
굿보이,작가가 누군지 검색해보게 한거라면 성공한 듯 캐스팅도 영 미스고………..오바액션덩어리
굿보이,신이난_윤여정_539949
굿보이,2000년도에 나왔다고 해도 처참할 정도로 유치찬란함..
굿보이,0101010
굿보이,박보검 드라마는 볼게없다 역시나
굿보이,싹싹한_엠마스톤_754353
굿보이,"저 좋은 배우들 가지고, B급 드라마를 만들어 버림."
굿보이,드두디
굿보이,별 생각 없이 봤ㄴ는데 샹각보다 엄청 재밌네요
굿보이,드영광
굿보이,"아니 그냥 너무 정신없는 드라마예요.. 
(그냥 코믹 80퍼, 로맨스 10퍼, 엔딩 때 나오는 약간의 액션 스릴러 10퍼니까 이 점 알고 보시길..)"
굿보이,당첨플리즈
굿보이,정의감은 국가대표들만 불타오르나…….. 캐스팅도 좀 안맞고  작가가 라이프온마스 쓴 작가라니……..더 지켜봐야하나 더 보기 힘든데……..
굿보이,ruru
굿보이,재밌다 1회 엔딩 찢었네 엄청 힘줬다 잘찍었고
84제곱미터,새침한_아이유_291347
84제곱미터,강하늘씨 요즘 너무 다작하네요.그래서 그런지 요즘 나오는 작품들은 다 실망.특히 스트리밍 그리고 84제곱미터.
84제곱미터,달리는펭귄
84제곱미터,초반 30분은 명작인줄 알았다...
84제곱미터,당첨플리즈
84제곱미터,감독이 아는 욕이 하나밖에 없는게 분명함…스토리는 치솟는 집값만큼이나 말도 안되고 어이없음…에휴
84제곱미터,강인한_박찬욱_121303
84제곱미터,"아 야발 강하늘형!! 영화 선구안좀 !!
아니 억지로 회사에서 시키면 당근을 흔들어주세요
이건뭐 영화 찍는거마다 똥이야 
강하늘형 경찰서 잡혀가면 끄는게 맞다"
84제곱미터,닉네임
84제곱미터,대체 무엇을 말하고자 하는가. 갈수록 막 간다.
84제곱미터,귀여운 디카프리오_22616
84제곱미터,뭐 후반부가 너무 난잡하기도 하고 막무가내 스토리이긴 합니다만 그래도...스트리밍보다 100배는 나은거같은데...와 스트리밍은 진짜 무슨 동아리 습작수준
84제곱미터,shwhwengirl
84제곱미터,"말 그대로 현실 스릴러다. 연출이 기가 막혔다. 
게다가 배우들의 연기가 대단하다. 살짝 아쉬운 점은
내용이 조금 부족하다. 특히 진호의 서사.
킬링타임용으로 좋은 작품."
84제곱미터,친절한_마동석_486820
84제곱미터,강하늘님이랑 서현우님이 연기를 기막히게 해서 그런지 2시간이 훌쩍 지나갔네요. 아파트 무서워서 못살겠네ㅋㅋ어쨋든 몰입 잘 되고 너무 재밌었습니다.
84제곱미터,하정우
84제곱미터,"뻔한 내용 같지만 은근 집중되는 영화. 
영화같은 내용이 펼쳐지는 요즘. 그냥 볼 만 했다."
84제곱미터,오리
84제곱미터,리뷰 보고 기대 하나도 안 하고 킬링타임용으로 봤다. 30분 후쯤에 지루해지는 부분이 좀 있으나 거기 넘기면 또 나름 재미있다. 편집이 아쉽지만 연기만 두고보면 흥미롭다.
킹 오브 킹스,방구석11열
킹 오브 킹스,예수님의 실제 생애 속에서 그분께서 보여주셨던 사랑을 어린 아이들이나 어른들에게 모두 강렬하게 전달하는 마음이 뜨거워지는 영화
킹 오브 킹스,싹싹한_루이스_822053
킹 오브 킹스,"영상미가 너무좋고,고증이 잘됐다고 하더니 기대이상이었습니다 스토리도 너무 좋았구요
좋은작품 만들어 주셔서 감사합니다"
킹 오브 킹스,고고한_레이놀즈_150500
킹 오브 킹스,모션 캡쳐에 실사 영화 같은 카메라 무빙까지 장면 장면마다 생생하고 가족이 함께 볼 수 있는 따듯한 영화. 북미에서의 흥행을 인정하게 만드는 작품!!
킹 오브 킹스,콘티넨탈
킹 오브 킹스,병헌리가 들려주는 신선한 웰메이드 기독교 애니메이션
킹 오브 킹스,DominickYeo
킹 오브 킹스,"예수님의 생애를 깊고 넓게 그리고 자세하게 보여주며
예수님을 모르더라도 모든 사람에게 이 이야기는
쉽게 다가간다."
킹 오브 킹스,양기자(YCU)
킹 오브 킹스,"북미에서는 한국을 소재로 한 애니가, 한국에서는 미국 시장을 겨눈 애니가 성공하는 2025년, 흥미롭다. 어린이 여름성경학교 온 느낌."
킹 오브 킹스,깜찍한_샤이니_600921
킹 오브 킹스,감동의 쓰나미가...한국에서 이런 고퀼리티 애니매이선이 만들어지자니... 자랑스럽습니다!  전세계에서 성공하길 바랍니다!!
킹 오브 킹스,화가난_박찬욱_650408
킹 오브 킹스,예수님이 늘 동행하시듯이 그런 따뜻함이 있는 영화~ 잔잔하고 담백하게 전해지는 이야기가 예수님의 사랑을 더 깊이 생각하게 하는 영화~ 두고 두고 보고 싶은 영화입니다
킹 오브 킹스,재밌는_이정재_425874
킹 오브 킹스,N차 관람에도 또다른 감동이 밀려옵니다
킹 오브 킹스,라파엘
킹 오브 킹스,"예수 그리스도를 삶의 본보기로 따르려는 진심을 깊이 새기고, 한국의 섬세한 기술력으로 그 감동을 눈부시게 완성해낸 따뜻하고 자랑스러운 이야기다."
F1 더 무비,요키치
F1 더 무비,대부분의 관객이 실패 없이 관람 가능한 극장용 영화. 개인적으로는 탑건보다는 조금 모자랐다.
F1 더 무비,귀여운_침착맨_569931
F1 더 무비,F1이 주는 쾌감 장닌아님 ㅎㅎㅎㅎ
F1 더 무비,KrisKelbin
F1 더 무비,"하늘에는 매버릭, 땅 위에는 헤이스. (플랜 C는 Classic의 C)"
F1 더 무비,PROERA
F1 더 무비,0.1초를 단축하려는 세계를 0.1초라도 더 점유하고 싶은 강렬한 역설
F1 더 무비,키높이오
F1 더 무비,저 아직 안전벨트 안맸는데 달리시면 어떡해요...
F1 더 무비,도도한_567681
F1 더 무비,완전 대박
F1 더 무비,낯선사람
F1 더 무비,멀리있던 F1이 가장 가까이 다가온다.
F1 더 무비,싹싹한_엠마스톤_295829
F1 더 무비,어떤영화들은 체험된다
F1 더 무비,푸린세스
F1 더 무비,짧지않은 러닝타임이였지만 지루할 틈을 안준다
F1 더 무비,ㄱㅁㄱ
F1 더 무비,F1이 관심이 많은사람뿐만 아니라 잘 모르는 사람에게도 최고의 레이싱 영화
서초동,하다니
서초동,"매번 드라마의 주인공이었던 개업변호사나 대형로펌의 고용변이 아닌 직업인으로서의 고용변의 모습을 잘 보여주고 있다
비현실적으로 잘생기고 이쁜 변호사들이지만 그걸 욕할 수는 없지"
서초동,작두
서초동,언젠가는 재미있을 <서초동>생활
서초동,친절한_강동원_724065
서초동,변호사들도 보통의 직장인이라는 컨셉을 가져가려는 듯 한데.. 이종석의 스타일링이 너무 왕자님이다.
서초동,ruru
서초동,사건이랑 럽라가 재밌음
서초동,앙
서초동,일단 현실에 맞개 좀 인물이 펑범했으먼 좋겠음 죄다 잘생기고 맛있음 젊고 좀더 나이든나이가 있는 ㅜ ㅣㅗ
서초동,연분홍빛춤출무렵
서초동,스토리와 배우들 연기를 떠나  PPL 범벅이라 보는내내 눈에 거슬림. 특히나 매회 나오는 음식점에서의 PPL은...좀 너무하다 싶네요.
서초동,너무많이봐서기억도안나
서초동,4화까지 본 결과지만 일단 그럭저럭 봤다 재밌지도 재미있지도 않게  변호사라는 전문직업때문에 보는사람들이 갈릴수도 있을것같다
서초동,즐거운_이병헌_516323
서초동,"매회 법률관련 에피소드와 이종석,문가영 로맨스가 기대됩니다."
서초동,귀여운 마고로비_134474
서초동,"오랜만에 이종석 복귀작 슴슴한 평양냉면 같은데 은근히 끌린다고 해야되나? 의외로 흥미가 생기는 러브라인
현실에 맞닿은 이야기로 잘 풀어줬으면"
서초동,무하마드찰리
서초동,식당에서 밥 먹다가 공익에 대해서 설전을 벌이는 장면. 아 이런 거 이제 좀 안하면 안되나
파인: 촌뜨기들,어나더레벨휘
파인: 촌뜨기들,믿고 보는 작감배 그리고 카메오까지ㅋㅋㅋ다들 구멍 일도 없이 촘촘하고 빼곡한 연기신들의 존재감에 몰입도 최고였네요!!악당짓 하랬더니 연기자랑중인 배우님들…사투리마저 맛집이었어요
파인: 촌뜨기들,덤덤한_이병헌_106620
파인: 촌뜨기들,"일단 3부까지 잼나게 봄. 
속도만 몰아치는 작품들보다 일케 캐릭터로 쌓아가는거  좋음. 미술 음악 연기 삼박자 다 좋음. 후반부 지속 기대해보겠음"
파인: 촌뜨기들,도도한_코난_320505
파인: 촌뜨기들,"뛰는 놈 위에 나는 놈, 누가 먹히고 먹을 것인가?! 뻔하지 않게 풀어내는 연출이 미쳣고, 그 시대에 빠져들게 하는 배우님들의 연기에 미친다."
파인: 촌뜨기들,콘티넨탈
파인: 촌뜨기들,오프닝부터 연기 차력쇼에 도파민이 대폭발하는 연출까지 다 갖춰진 작품
파인: 촌뜨기들,새침한_아이유_156373
파인: 촌뜨기들,"오랫만에 대놓고 마라맛 난무한 드라마가 아닌, 캐릭터와 스토리 서사가 입체적으로 쌓여가는 드라마를 만난 것 같아서 너무 좋다! 매주 기다려지는 드라마 오랫만. 역시 강윤성."
파인: 촌뜨기들,멜론이최고
파인: 촌뜨기들,도입부터 도파민 제대로 터진다! 믿고 보는 배우들 다 집합해서 그런가.. 용두용미가 기대되는 작품!!
파인: 촌뜨기들,깜찍한_크리스토퍼_435116
파인: 촌뜨기들,"연기, 미장센, 연출 삼박자 조합이 최고입니다! 오랜만에 볼만한 시리즈 나와서 기분이 좋네요!"
파인: 촌뜨기들,즐거운_김태희_335955
파인: 촌뜨기들,스토리 연기 연출 뭐하나 놓치지 않은 작품 삼박자가 딱 맞아 떨어진다 배태랑 배우들 사이에서도 빛을 발하는 양세종 연기가 탁월
파인: 촌뜨기들,친절한_안나_441376
파인: 촌뜨기들,"오랜만에 볼맛 나는 드라마 꽉 채워진 스토리와 캐릭터성 
3회까지 본 바로는 최고다 앞으로 더 기대해본다"
파인: 촌뜨기들,싹싹한_김남길_422907
파인: 촌뜨기들,탄탄한 연출과 연기. 남은 편수도 매우 기대된다
노이즈,귀여운_침착맨_569931
노이즈,인간의 무서움을 다 집중하셨으면 좋았을 듯
노이즈,도도한_567681
노이즈,무서움
노이즈,이선빈개미녀
노이즈,"보다가 너무 추워져서 죽는 줄 알았어요.
보다가 너무 무서워서 눈을 감았더니 놓친 부분들이 있어서 그 부분 보러 또 보러 갈 거예요."
노이즈,낯선사람
노이즈,신선함을 주고 싶었던 마음은 알겠으나 한가지에만 집중을 했다면.
노이즈,믹무비
노이즈,"사운드가 과하다고 느껴질 때도 있지만, 그만큼 공포감은 충분히 느낄 수 있는 영화!"
노이즈,프로무인러
노이즈,소리를 정말 잘 이용한 영화
노이즈,양념반자르반2세
노이즈,"롯시 광음시네마관에서 봤는데... 진짜 너무 재밌었습니다. 최근 공포영화들은 너무 식상했는데, 역시 공포영화는 사운드가 중요하니 꼭 극장에서 보시길!"
노이즈,만두형제
노이즈,현실적인 층간소음 공포영화. 추천합니다!!
노이즈,친절한_김혜수_298442
노이즈,중반까진 재미있었지만 결말쪽에서 살짝 아쉬웠습니다. 그래도 재미있게 봤습니다
노이즈,도도한_김혜수_918943
노이즈,언제 끝나지 언제 끝나지 하고 기다리다가 갑자기 끝나버린.. 뭔가 결말이 찝찝하고 정신없는 느낌 생각보다 무섭진 않았음. 유행하니까 한번쯤은 볼만하지만 그닥 인상적이진 않았다….
착한 사나이,무하마드찰리
착한 사나이,아직도 건달 이야기야?
착한 사나이,앙
착한 사나이,음 뭠랄가 38년도 스토리에 ㅜ ㅜ 좀 달리극본이 달랐으면 딱좋았을걸
우리영화,박보노
우리영화,"불륜, 재벌, 정계싸움 등 자극적인 영화와 드라마들 사이에서 피어난 한송이의 들꽃.. 너무 오랜만에 내 취향"
우리영화,낙관주의민
우리영화,남녀 모두 엄청난 서사를 갖고 있지만  생의 의미는 그냥 최선을 다하는 것. 언제 떠나더라도 미련은 가능한 최소화하고 사랑하는 사람이 웃을 수 있는 추억을 만들어주는 것 ♡
우리영화,닉네임
우리영화,얼굴을 마주하고 대화하는 scene 위주인데 점점 더 재밌어진다. 진부한 내용일 줄 알았는데 유일한 영화를 만드는 배우들.
우리영화,천아손
우리영화,"잔잔래서 몰입감이 떨어진다고들 하지만 , 그래도 전 재미있게 보고 있아요 전여빈 이설 배우 늘 응원합니다!"
우리영화,친절한_짱구_536087
우리영화,"애매~~~함. 일단 전여빈의 외모가 너무 평범하구, 연기도.. 다소 오바스럽고 오글거린달까. 극본은 무난한데 캐스팅이 아쉬움. 비타민씨 같은 여배우가 맡았더라면 더 몰입했을 텐데."
우리영화,퇴근하고드라마봐야지
우리영화,"편안해요,"
우리영화,너무많이봐서기억도안나
우리영화,"전여빈 목소리왜줘랩.. 빈센조에서의 목소리랑 다르자나
드라마속의 영화대사는 왜케 오글거랴"
우리영화,즐거운_컴버배치_727774
우리영화,조용하게 보통 사람들이 살아가는 듯이 그냥 사랑하고 그냥. 살아가는 이야기. 인물 연구도 잘 된 듯한 연기자들.
우리영화,Dito
우리영화,느리지만 몰입되는 드라마는 오랜만이다
우리영화,싹싹한_스필버그_649080
우리영화,이런 작품 내줘서 고맙고 사랑해...
견우와 선녀,너무많이봐서기억도안나
견우와 선녀,"남녀주인공 볼라고 보는 드라마 아님
나는 추자현 연기 볼려고 견우본닼ㅋㅋㅋㅋ 심지어 남녀주인공 건뛰
ㅋㅋㅋㅋㅋ😂연기 찰지게 잘하셔 트리거에서도 몰입도 짱이였는데 👍"
견우와 선녀,마왕과나
견우와 선녀,재밌네 ㅋㅋㅋㅋ이현이 보러 가즈아~~~
견우와 선녀,인형의기사
견우와 선녀,"조이현 너무너무 귀엽고 이쁘게 나오고 
너무 재미있어요❤️❤️❤️❤️❤️"
견우와 선녀,귀여운 타란티노_43609
견우와 선녀,재밌음
견우와 선녀,즐거운_마동석_209083
견우와 선녀,2화까지 - 이거왜재밌음? 돌풍감독이라 함 보았는데 탄탄하다
견우와 선녀,상냥한_슈카_128005
견우와 선녀,조이현 너무너무 이쁨ㅜㅜ
견우와 선녀,하다니
견우와 선녀,"조이현 와 이리 귀여움?
가끔 과하긴 하지만 외모가 다해주네
스토리는 애들이 좋아할 정도지만 귀여우니 됐다"
견우와 선녀,니가그렇지모
견우와 선녀,귀엽네 성인시절로는 안가나
견우와 선녀,메리
견우와 선녀,"일단 지금까진 흥미롭고 귀여움
하이틴로코의 정석같은 맛"
케이팝 데몬 헌터스,야생고양이
케이팝 데몬 헌터스,까치와 호랑이 인형이 필요하다.
케이팝 데몬 헌터스,화가난_강동원_590773
케이팝 데몬 헌터스,"김구선생님 보고계시나요…
소니가 만든 국뽕애니가 넷플공개라니"
케이팝 데몬 헌터스,우울한 송강호_138875
케이팝 데몬 헌터스,"시즌 2 나왔으면
노래도 캐디도 세계관도 너무 잘 뽑힘
단발성으로 끝내기엔 넘 아쉽다
헌트릭스랑 사자보이즈 나머지 멤버들 과거 이야기도 풀어주길 ㅠ"
케이팝 데몬 헌터스,영알못
케이팝 데몬 헌터스,K-POP을 제대로 배운 이들이 영리하게 만들어낸 코리엔탈리즘
케이팝 데몬 헌터스,도도한 타란티노_54004
케이팝 데몬 헌터스,"예고편만 보고선 또 양놈들이 괴랄한 걸 만들어왔다 싶었는데, 말도 안되게 맛있는 어메리칸 코리안 부대찌개를 만들어 옴. 국내라면 바로 까였을 기획 ㅋㅋㅋㅋ"
케이팝 데몬 헌터스,PHY
케이팝 데몬 헌터스,이게 왜.... 재밌지?
케이팝 데몬 헌터스,하다니
케이팝 데몬 헌터스,고양이 같은 호랑이 전령 인형 빨리 팔아줘요!
케이팝 데몬 헌터스,궁금한_팀버튼_625622
케이팝 데몬 헌터스,안효섭이 한국어로 이만큼만 연기해도 진짜  좋겠다. 안효섭의 재발견
케이팝 데몬 헌터스,귀여운_침착맨_569931
케이팝 데몬 헌터스,귀에 쏙쏙 들어오는거 인정 ㄹㅎㅎㅎ
케이팝 데몬 헌터스,상냥한_에스파_674217
케이팝 데몬 헌터스,왜 재밌는지 의문이 들지만 재미있음ㅋㅋㅋㅋㅋ
전지적 독자 시점,라라랜드
전지적 독자 시점,전독시 재밌게 봤어요 😊
전지적 독자 시점,힙합팬
전지적 독자 시점,"생존 위의 여러 인간 군상과 각자도생에 대한 비판점이 클리셰처럼 그려진 아쉬움.
하지만 극장에서 자주 볼 수 없는 게임적 설정과 미션깨기형 전개는 신선하게 다가왔다."
전지적 독자 시점,ruru
전지적 독자 시점,원작 조금 보고 영화 보러갔는데 재밌었다 김독자 유중혁 나나의 액션씬들이 넘 멋있게 나왔다 극장에서 감탄들 나올만한 판타지 액션 장면들로 2시간 가득 채웠다
전지적 독자 시점,하늘아래서
전지적 독자 시점,너뮤나 좋았던 연출 연기 몰입감 강추 에요
전지적 독자 시점,순수한 영화광_58
전지적 독자 시점,원작을 보지 않고 보러간거라 너무 흥미진진하게 보고 왔습니다. 내용도 되게 신선하고 주인공이 무한정 구르기는 하지만 여러 인물들이 합심해서 헤쳐나가는 내용을 긴장감있게 보여줍니다.
전지적 독자 시점,동주Moon
전지적 독자 시점,"여러 우려에 걱정 많이했는데 순수하게 오락적 재미가 훌륭한- 잘만든 한국 블록버스터 영화였다. 막상 보면 이 영화만의
미덕이 가득하니 너그러운 마음으로 즐기길 추천!"
전지적 독자 시점,박스타
전지적 독자 시점,원작을 안 본 상태로 시청하였습니다. 스토리상 개연성이 다소 부족한 부분이 존재하긴 하지만 전체적으로 재미있게 봤습니다. 특히 불안했던 CG가 잘 나와서 보기 좋았습니다.
전지적 독자 시점,b en
전지적 독자 시점,킬링타임용으로 괜찮은 것 같다. 걱정했던 결말은 잘 마무리 지은 것 같아 괜찮아 보인다. 하지만 마지막 부분 스토리가 조금 아쉬웠다.
전지적 독자 시점,rohhyunj
전지적 독자 시점,웹소설도 한번 읽어보고 싶다
전지적 독자 시점,선우
전지적 독자 시점,원작 팬들에겐 광장 이상 급의 충격일 듯...
S라인,친절한_짱구_536087
S라인,진짜 최악의 연출ㅎㅎ 학폭씬 연출하는데 고층아파트에 둘러싸인 학교옥상에서 친구 줘패는 거 보고 바로 꺼버림. 위에 수천개의 눈이 달렸는데 아무도 신고 안한다고?ㅎㅎ
S라인,낯선사람
S라인,일단 소재는 신선.
S라인,닉네임
S라인,곁가지가 너무 많다. 산만함을 넘어 민망하기까지 하다.
S라인,당첨플리즈
S라인,"재미있는데 연기가……초능력 드라마중에서 가장 안부러운 초능력을 소재로해서 신선하고 예측불허임 
그리고 이수혁 많이 늙었넹…..뱀파이어인줄 알았는데…."
S라인,도도한_올라프_930741
S라인,"이 참신한 소재와 배우들을 가지고
스토리 전개, 연출 최악입니다.
소재가 너무 아깝다.
작가는 진지하게 다른 길 찾으시길"
S라인,신이난_침착맨_465784
S라인,각색 좀 들어갔는데 킬링타임용으론 괜찮은듯.
S라인,Touché
S라인,"실사화에 걸맞지 않은 유치한 연출, 극을 리드할만한 능력이 없는 주연들."
S라인,옆태구와꽁냥꽁양
S라인,무슨 개연성이 1도 없네... 담임이 안경사인가... 기기괴괴 에피 모음집같네 작가가 초딩이면 이해되네
S라인,ruru
S라인,소재는 신선한데 내용이 재미없어요..
독수리 5형제를 부탁해!,싹싹한_엘사_174288
독수리 5형제를 부탁해!,진부
독수리 5형제를 부탁해!,니가그렇지모
독수리 5형제를 부탁해!,"주말드라마라 보긴하는데 사연들이 참 복잡복잡
행복허길 바라며...."
독수리 5형제를 부탁해!,고앵씨
독수리 5형제를 부탁해!,돌싱이만 악착같이 독수리술도가를 살리기위해 시동생들과 고군분투하며 사는 여주에 대기업의 회장이 나타나고 그둘의 로맨스사이에 끼어드는 현실
슈퍼맨,영화의순간들
슈퍼맨,"위에서 내려다보지 않고, 가까이에서 눈 맞추는 슈퍼맨의 탄생."
슈퍼맨,호잉이아빠
슈퍼맨,"히어로, 그 이상의 인간"
슈퍼맨,24fps
슈퍼맨,제임스 건의 좋은 점과 나쁜 점이 혼합됐다. 가오갤스럽지 않은 영화는 찍지 못하게 된건가
슈퍼맨,낯선사람
슈퍼맨,진짜 히어로. 이 영화를 기점으로 DC는 영광을 되찾을 것이다.
슈퍼맨,로니
슈퍼맨,우리 곁에도 슈퍼맨이 있다면 얼마나 좋을까.
슈퍼맨,ossie
슈퍼맨,"B급 캐릭터를 모아 A급 영화로 만드는 언더독의 재능이, S급 캐릭터를 주인공으로 하는 영화에선 발휘되지 않는 제임스 건의 아픈 손가락 같은 작품."
슈퍼맨,작두
슈퍼맨,최고의 시작이라기엔 ‘엥?’스럽지만 훌륭한 영화라는 것에 대해 ‘예스!’라 답할 것이다
슈퍼맨,나릉드르누나
슈퍼맨,와 DC 의 부활인가요!! 가오갤 감독이 만든 DC 영화 성공적!
슈퍼맨,레오
슈퍼맨,제임스 건이 슈퍼맨을 바라보는 가벼운 시선
슈퍼맨,바닐라라떼
슈퍼맨,인간적임을 강조하기 위해 약해져야할 필요가 있을까
쥬라기 월드: 새로운 시작,귀여운_침착맨_569931
쥬라기 월드: 새로운 시작,지루한 서사와 적은 공룡 등장씬 ㄷㄷ 넘해요
쥬라기 월드: 새로운 시작,chance
쥬라기 월드: 새로운 시작,더 이상 보여줄 게 없어서 그런지 갈수록 괴기해지는 공룡이 안쓰럽다
쥬라기 월드: 새로운 시작,낯선사람
쥬라기 월드: 새로운 시작,"뻔하고 진부한 스토리, 쓸데없이 길다."
쥬라기 월드: 새로운 시작,자연형인간
쥬라기 월드: 새로운 시작,'놀이공원에 있는 공룡태마파크 vlog 영상과 동등한 영화'
쥬라기 월드: 새로운 시작,키다리노진구
쥬라기 월드: 새로운 시작,나는 공룡영화 처음 봐서 재미있었다 ..
쥬라기 월드: 새로운 시작,키높이오
쥬라기 월드: 새로운 시작,더 이상 새롭지 않은 공룡. 어디까지 새로워지나 보자.
쥬라기 월드: 새로운 시작,미친나미나
쥬라기 월드: 새로운 시작,정상인 없음. 공룡도 너무 멍청하고 답답함. 긴장감도 없고 에초에 죽는사람도 별로 없음. 그리고 스칼렛요한슨은 이제 스칼렛요한슨 역에서 좀 벗어나주세요.
쥬라기 월드: 새로운 시작,레오
쥬라기 월드: 새로운 시작,착하게 사는 자에겐 생명의 복이 오나니..
쥬라기 월드: 새로운 시작,상냥한_김선호_290404
쥬라기 월드: 새로운 시작,"초반 전개가 매우 늘어지고
내용이 진부하다"
쥬라기 월드: 새로운 시작,놀슈
쥬라기 월드: 새로운 시작,"쥬월 시리즈 중에 가장 쥬공에 가까운 영화.
그래서 가장 나았지만 너무 슴슴해서 아쉬웠다."
명탐정 코난: 척안의 잔상,스마일
명탐정 코난: 척안의 잔상,추리는 어디에..
명탐정 코난: 척안의 잔상,도경자
명탐정 코난: 척안의 잔상,작년 꺼보다 더 재밌게 봤음 나가노 좋아하면 꼭 봐야함 ㅠㅠㅠㅠㅠㅠㅜ 감동 포인트도 많고 중간중간 코믹도 적절하게 들어감
명탐정 코난: 척안의 잔상,포인터싫어
명탐정 코난: 척안의 잔상,"오랜만에 허당스러운 유명한이 아닌, 오래전 카리스마 있는 경시청 유명한으로"
명탐정 코난: 척안의 잔상,즐거운_엠마스톤_963264
명탐정 코난: 척안의 잔상,라이트 관람층에게 너무 불친절
명탐정 코난: 척안의 잔상,.
명탐정 코난: 척안의 잔상,.
명탐정 코난: 척안의 잔상,쩡이썬이
명탐정 코난: 척안의 잔상,모리의 색다른 면을 봐서 그걸로 충분히 만족
명탐정 코난: 척안의 잔상,ㄷㄴㅂ
명탐정 코난: 척안의 잔상,천천히 커지다 몰아치는 눈보라 폭풍을 보는 재미
명탐정 코난: 척안의 잔상,도도한_567681
명탐정 코난: 척안의 잔상,"오랜만에 본 코난
긴장감 넘치고 재미있다 
추천"
명탐정 코난: 척안의 잔상,라파엘
명탐정 코난: 척안의 잔상,"기억과 윤리, 국가와 존엄을 천문학적 상징으로 엮어낸 이 작품은, 인간다움이란 무엇인가에 대한 조용하고 깊은 성찰이다."
명탐정 코난: 척안의 잔상,영화의순간들
명탐정 코난: 척안의 잔상,흐릿한 잔상 속에 파묻힌 그날의 진상을 밝힐 회심의 한 발.
괴기열차,귀여운_침착맨_569931
괴기열차,"이걸 안본 사람이
승리자"
괴기열차,도도한 스필버그_54099
괴기열차,"올해 극장에서 본 최악의 영화
약 먹고 시나리오쓴거 같다.
연출도 학생이 한거 같다."
괴기열차,도도한_아이유_894875
괴기열차,노이즈보다 열배 재미
괴기열차,로니
괴기열차,창의력은 전혀 없고 그저 진부하고 구리다.
괴기열차,Voyant
괴기열차,"공포영화에서 유치함을 느끼는건 너무나 치명타다. 
그것도 어의없게도 대사와 연기연출 부분에서"
괴기열차,낯선사람
괴기열차,한국영화가 왜 망해가고 있는지 보여준다.
괴기열차,마뮤렌
괴기열차,터를 잘 잡아야한다는 옛말이 틀리지 않았다
괴기열차,해바라기
괴기열차,빨간불 10% 받을 영화는 아니라고 생각되는 영화다 노이즈보단 잘 만들었다.
괴기열차,상추재배
괴기열차,이미 우리나라에 이런 영화가 많이 있고 심지어 재미도 없는데 왜 똑같은게 계속 생산될까. 하나의 컨셉을 가지지 않고 재밌을 것 같은거는 다 끼워놓고 뭐 하나 걸려라는 이제 안통한다
괴기열차,라씨에이
괴기열차,7.6/공포는 몰라도 괴기는 끝까지 실은 채로 그럭저럭 목적지까지 도달하는 이름값은 하는 열차.
알라딘,LAON
알라딘,너무 재미있게 봤던 알라딘!  영상미도 훌륭하고 배우들연기 갓벽하고 음악들도 너무 좋았다 더군다나 지니는 진짜완벽했다👍
알라딘,사과
알라딘,"영화 <알라딘>을 봤다. 처음봤을때, 외국인 관크를 당해서 본건지 안본건지 싶었으나 물리적인 시간정황상 봤기 때문에 할말이 없구나 하고 자파가 제일 잘생겼고, 앵무새 이아고가 제일..."
알라딘,보문동꿀주먹
알라딘,캐스팅 좋고~ 노래도 좋지만~ 제발 원작을 비트는 건 적당히 해줘!
알라딘,서현
알라딘,진짜 완전 인생작..
알라딘,행복
알라딘,"지금까지도 잊혀지지 않는 ost들..!!
한때 인생작이었던 만큼 명작입니다"
알라딘,프로무인러
알라딘,실사화를 정말 잘했다고 생각하는 작품...
알라딘,톰홀랜드
알라딘,어떻게 이렇게 캐스팅을 잘해...? 지금과 비교되는 재미와 완성도 캐스팅..
알라딘,이오더매드문
알라딘,"한줄평
- 싱잉랩도 잘하는 윌 스미스"
알라딘,박성현
알라딘,디즈니 고전 애니메이션의 실사는 항상 원작에서 따온 부분과 그렇지 않은 부분의 위화감이 문제가 된다. 알라딘도 그런 면에서 피해갈 순 없었지만 그래도 윌 스미스의 지니와 나오미 스...
알라딘,쀼쇼숑
알라딘,"디즈니가 이렇게만 계속 만들면 좋겠음
너무 좋은 실사화임"
전지적 참견 시점,아이스크림
전지적 참견 시점,과연 리얼일까.
전지적 참견 시점,톰홀랜드
전지적 참견 시점,내 밥친구
전지적 참견 시점,영화라흥해라흥
전지적 참견 시점,매니저들 위주로  하던 과거는 신선했다 매니저가 스타를 케어하고 그들의 직업도 이해하고 이젠 그런게 전혀 없고 게스트들 나와서 홍보하러 나온 느낌
전지적 참견 시점,고앵씨
전지적 참견 시점,"지디 콘서트에 윙이 나오면서 근래들어 오랜만에봤다
본연의 취지에맞게 매니져와 아티스트 둘의케미를 보여주는 모습이 근본다웠다"
전지적 참견 시점,내우주에길이남길
전지적 참견 시점,"매니저와 스타할때는 재미밌었는데 요샌 뭔가 식상...
다른프로와 차이점이 없는듯...
다 똑같은 느낌..."
전지적 참견 시점,홀씨닷컴
전지적 참견 시점,"아직도 이딴게 예능으로 방영하다니 ㅉㅉ
영상만보고 편안하게 앉아서 돈만 버는 예능 안지겹냐?
남 잘사는거 우리가 왜 봐야하는데?"
전지적 참견 시점,박평호
전지적 참견 시점,매니저 이야기가 줄어든 거 같은. 나혼산이랑 별 차이가 없음
전지적 참견 시점,넹미남
전지적 참견 시점,그래서 현재의 전참시가 나혼산이랑 다른 게 뭔가요... 방송의 취지를 완전히 잊은 것 같습니다.
전지적 참견 시점,땅콩이
전지적 참견 시점,그냥 좋아하는 연예인의 일상을 볼 수 있으니까 좋은 거 같아여
전지적 참견 시점,팝콘
전지적 참견 시점,이제는 우리가 헤어져야 할 시간
쥬라기 월드,귀여운_침착맨_569931
쥬라기 월드,레전드 재부활 진짜 재미있었습니다 ㅎㅎㅎ
쥬라기 월드,만두
쥬라기 월드,어릴 때는 무섭기만 했지만 계속 보다보니 재밌음
쥬라기 월드,티누비엘
쥬라기 월드,22년의 시간을 뛰어넘어 다시 돌아온 시리즈는 기술의 발전에 힘입어 놀라운 액션과 스릴을 보여주며 SF의 대표작으로 꼽히는 프랜차이즈의 기존 색채는 옅어지고 오히려 괴수재난영화 같...
쥬라기 월드,톰홀랜드
쥬라기 월드,쥬라기도 세대교체
쥬라기 월드,친절한_브래드피트
쥬라기 월드,공룡 좋아하는 아이 덕에 하도 많이 봐서 다 외울 지경입니다 ㅋㅋ 강추에요!!
쥬라기 월드,박성현
쥬라기 월드,쥬라기 월드는 이전 쥬라기 공원 시리즈 영화들과 개장하여 사람들이 들어찬 공원에서 공룡들이 소동을 벌인다는 점이 가장 큰 차이다. 그런 차이를 이용하여 공룡들이 관람객을 습격하는등...
쥬라기 월드,ottliker
쥬라기 월드,"가장 따뜻한 렙터, 블루."
쥬라기 월드,낯선사람
쥬라기 월드,인간의 공룡 길들이기.
쥬라기 월드,양기자(YCU)
쥬라기 월드,<쥬라기 공원> 이후 20년 후에 진정한 속편은 나라고 외치는 소리가 들려온다.
쥬라기 월드,SH60243
쥬라기 월드,이때 박수받으면서 퇴장했어야했어...
드래곤 길들이기,Movie_changgo_
드래곤 길들이기,드림윅스에서 가장 명작 시리즈라고 생각한다.
드래곤 길들이기,귀여운_침착맨_569931
드래곤 길들이기,애니는 역시 실사보단 이거지
드래곤 길들이기,필름 판타지아
드래곤 길들이기,"해충에서 동반자가 되기까지. 인간이든 드래곤이든, ‘잘못 안다’는 것이 얼마나 어리석은 일인지!"
드래곤 길들이기,천아손
드래곤 길들이기,아이들 영어공부땜에 같이 봤던 영화 원작소설도 있어서 줄거리도 탄탄하고 작품성도 있어요 가족이 모두 함께 보면 좋아요!
드래곤 길들이기,영화계피카소
드래곤 길들이기,나도 드래곤 가지고싶다.
드래곤 길들이기,요키치
드래곤 길들이기,비행 장면의 쾌감만은 제대로 느꼈다. 나이가 먹을수록 애니메이션을 더 까다롭게 보는 것 같다...
드래곤 길들이기,김민지
드래곤 길들이기,아 실사화가 아니라 애니메이션이었네요~~ 예전에 봤던거라 기억이 잘 안났는데 오랜만에 실사화 보니 새록새록 기억이 나더라구요 넘 재밌었습니다!!
드래곤 길들이기,라둡네
드래곤 길들이기,순위거 왜이래?
드래곤 길들이기,movie__again
드래곤 길들이기,서로에게 남긴 상처는 서로를 이해함으로써 비로소 흉터가 된다.
드래곤 길들이기,즐거운_강동원_723654
드래곤 길들이기,이게 실사화지 너무 재밌고 캐릭들 다 찰떡인대 내용도 원작그대로 실사를 잘옮겨놔서 원작보다 스케일커짐 돌비로 봤는대 음악도 계속 웅장해서 너무 재밌었다
하이파이브,폭룡적_김남길_740657
하이파이브,영활 보고 난 뒤 든 생각. 만약 4년전 제대로 개봉 될 수 있었 다면    지금 보다 훨씬 더 미친 반응을 이끌었을 지도 모를...
하이파이브,힙합팬
하이파이브,한국영화에선 보기 힘든 장면들이 수두룩한 귀한 영화.
하이파이브,귀여운_침착맨_569931
하이파이브,딱 써니 감독스란 감독스런 그런 스타일 진행영화
하이파이브,마뮤렌
하이파이브,유치뽕짝한게 아기자기한 재미가 있다. 물 많이 마시고 서로 도우면서 삽시다. 유X인이 나오니까 분위기가 확 달라지는게 재능이 넘치는데 왜 그랬는지 참...
하이파이브,돈패닉
하이파이브,"구걸! 프레쉬걸! 빳데리맨! 탱크보이! 블루스맨! 
초능력 합진이다!"
하이파이브,퐝군
하이파이브,기대를 안하고 봐서 그런지 생각보다 많이 웃으면서 본 한국형 히어로 팝콘 무비임.
하이파이브,침착한_김선호_524239
하이파이브,강형철 감독은 아직 2010년대 감성에서 못헤어나오는 듯
하이파이브,레오
하이파이브,오랜만에 나온 가족끼리 보기 좋은 영화 기대됩니다!
하이파이브,도도한_567681
하이파이브,후기
하이파이브,똑똑한_전지현_514616
하이파이브,시사회로 봤눈데 킬링타임 영화로 좋아요 재밌어ㅅㅇ
미지의 서울,작두
미지의 서울,<폭싹 속았수다>에 이은 올해 최고의 드라마가 되었다
미지의 서울,연분홍빛춤출무렵
미지의 서울,박보영의 1인 2역이 아니라 제곱승역이다. 1인 2역을 하면서 성격이 다른  부분을 연기하며 2의제곱승 사실상 4역 거기서 더 파생될 역들은 기하급수적이다. 잘하면 인생작 만나겠다
미지의 서울,0101010
미지의 서울,노잼인데 바이럴이 심한듯
미지의 서울,귀여운_침착맨_569931
미지의 서울,박보영의 매력은 이런 매력이지
미지의 서울,머틀도사
미지의 서울,"1인 4역 대박! 모든 상처받은 사람에게 주는 잔잔한 위로.
""내가 아니랬자나"" 열기 장인 미지의 모든 닫힘은 미지 스스로가 닫은 거였다. 우리 인생도 아마도."
미지의 서울,창원전지현🫰🏻
미지의 서울,서울쥐와 시골쥨ㅋㅋㅋᩚㅋᩚㅋᩚ  인간편
미지의 서울,도도한_567681
미지의 서울,너무 슬프다
미지의 서울,하다니
미지의 서울,"좋다
박보영 역시 걸출한 배우이다
박보영으로는 뭔 작품을 갖다놔도 실패하지 않을 느낌
하지만 극본은 글쎄. 속았수다에 비할 바는 아닌 둣
+볼수록 실망. 전개속도를 2배로 높여야"
미지의 서울,조선팔도제일한량012
미지의 서울,박보영의 연기 차력쇼
미지의 서울,레오
미지의 서울,재밌어요
나 혼자 산다,단답맨
나 혼자 산다,나 이만큼 산다
나 혼자 산다,아이스크림
나 혼자 산다,출연자에 따라 호불호가 강하게 갈리는 프로그램. 처음 기획의도와 맞는 출연진이라면 흥미롭다.
나 혼자 산다,sebastian
나 혼자 산다,"옛날에는 재미가득, 웃음가득 지금은 논란가득, 가식가득..."
나 혼자 산다,데구르르_도토리
나 혼자 산다,"박나래씨의 활약을 좋아합니다. 솔직히 남자 패널들은 키씨, 코쿤씨 제외 그냥 그래요. 지저분하고 예의없는 사람의 일상이 궁금하진 않습니다."
나 혼자 산다,흠냐
나 혼자 산다,"보여주기식으로 변해가서 본질을 흐리고 있지만
기안84, 김대호가 진정한 나혼산으로 살리고 있다"
나 혼자 산다,쿠곰라이츠
나 혼자 산다,폼이 좀 오락가락하지만 여전히 재밌는 예능
나 혼자 산다,행복한_팀버튼_
나 혼자 산다,"금요일밤에 가볍게 보기 좋은 프로그램,"
나 혼자 산다,톰홀랜드
나 혼자 산다,최애 예능
나 혼자 산다,답십리팍
나 혼자 산다,누가 나오냐 따라서 호불호 있는 프로그램
나 혼자 산다,100000
나 혼자 산다,초기 기획을 잃은 PPL덩어리 나혼자잘산다
언테임드,싹싹한_김남길_422907
언테임드,스토리는 뻔하지만 요세미티의 광활한 자연과 탄탄한 연기가 충분히 커버
언테임드,movien
언테임드,"아픔이 있는 베테랑과 개인사가 있는 신참의 조합, 그리고 숨겨진 비밀의 내용까지 너무 전형적인게 작은 장점이면서 큰 단점. 이미 무수히 많은 작품을 통해 본 것 같은 기시감."
언테임드,DAY6TONES
언테임드,"에피6 10분까지만 시청하면 완벽함.
에피6 15분까지도 나름 그럭저럭 찝찝해도 봐줄만함
에피6 42분부터 다시 시청하기.
중간 30분 필요없는건 아니지만 굳이..?"
이상한 집,도도한 스필버그_54099
이상한 집,영화가 좀 이상하다.
이상한 집,낯선사람
이상한 집,무서운 소문이 난 집에 대하여 파헤친다.
이상한 집,inhun102
이상한 집,그깟 평면도 하나로 이렇게까지 갈 수 있다니...
이상한 집,즉석영화
이상한 집,집은 한번 나오고 엉뚱한곳만 계속해서 팜...
이상한 집,이경무이
이상한 집,"원작만을 풀어갔으면 얼마나 좋았을까, 하지만 반전의 순간은 소름돋았다"
이상한 집,🍉
이상한 집,스릴러도 아니고 공포도 아니고 이도저도 아니고 너무 시간아까웠음..
이상한 집,프로무인러
이상한 집,"괴기열차보다는 괜찮았다...
ott 올라오면 볼만함"
이상한 집,윤효준
이상한 집,초반에 힘을 줬던 반면 아쉬운 마무리. 평면도가 소재인 점에선 흥미롭다
이상한 집,YooYoo
이상한 집,큰 기대 없이 봤음에도 역시나. 어쩌면 이리 원작의 장점은 버리고 단점만 골라 가져 왔나. 원작 소설을 읽은 사람에게든 읽지 않은 사람에게든 매력적인 요소가 전혀 없다.
이상한 집,즐거운_코난_645315
이상한 집,.
폭싹 속았수다,룰루렘
폭싹 속았수다,"마냥 슬프지만은 않은, 웃음과 따뜻함을 주는 드라마. 주조연, 심지어 잠깐 나오는 단역들의 연기까지 완벽하고 연출극본도 최고최고!"
폭싹 속았수다,행복한_팀버튼_326290
폭싹 속았수다,"시대물 좋아요  연기들도 좋고 
아역 배우들 왜이리 연기 잘하는거지?"
폭싹 속았수다,침착한_김혜수_579775
폭싹 속았수다,오랜만에 마음에 드는 드라마 발견
폭싹 속았수다,꿀맘
폭싹 속았수다,시대 배경 연출 연기 모든게 다 완벽 눈물콧물 다흘리면서 봤어요 엄마얘기만 나와도 눈시울이 붉어지네요 정말 오랜만에 진짜 재밌는 드라마 보네요 끝까지 기대됩니다
폭싹 속았수다,언제나우리는
폭싹 속았수다,4화까지의 내용과 특히 연출 부분이 너무 아름답다
폭싹 속았수다,DAON
폭싹 속았수다,아이유 박보검 배우님들 조합😻
폭싹 속았수다,도도한_샤이니_913359
폭싹 속았수다,몰입감이 대단하고 연기를 다 너무 잘해요
폭싹 속았수다,별이
폭싹 속았수다,"와 1화부터 보면서 눈물이 났습니다. 연출 각본 연기 모든게 다 갖춘 작품인 거 같아요ㅠㅜ 
시대의 특징도 잘 보이고 웃음포인트 감동포인트 슬픈포인트를 다 느낀 작품이었습니다"
폭싹 속았수다,하다니
폭싹 속았수다,"작가 이름이 연출 위에 있다는 것이 인상적.
연출의 작가에 대한 존중, 존경이 느껴짐. 연출도 너무 좋습니다

--

마무리까지 갓벽. 상춘이 누나 날 가져요"
폭싹 속았수다,하외욤
폭싹 속았수다,"김원석과 아이유의 몸짓은 시리도록 아리고,
임상춘과 아이유의 목소리는 바스라질 듯 바삭거린다."
모태솔로지만 연애는 하고 싶어,순영이
모태솔로지만 연애는 하고 싶어,100일 사귄사람이 메기인게 개웃기넼ㅋㅋㅋㅋ
모태솔로지만 연애는 하고 싶어,하다니
모태솔로지만 연애는 하고 싶어,외모적 단점이 없는 모쏠이 모쏠이냐? 박탈당한 모쏠 돌려달라
모태솔로지만 연애는 하고 싶어,싹싹한_김남길_422907
모태솔로지만 연애는 하고 싶어,출연자들이 못생기면 안볼꺼면서~ 밑에 리뷰 웃기네ㅋㅋㅋㅋ
모태솔로지만 연애는 하고 싶어,피터팬증후군
모태솔로지만 연애는 하고 싶어,"모쏠 설렘은 어디가고 ㅉㄷ 로 웃긴다
결국 뻔한 포맷으로 피로감은 잊을수 없다"
카지노 시즌 1,주이지
카지노 시즌 1,뭔가 실지 필리핀의 실상을 본듯한..  최배우 연기 넘나 자연스러움
카지노 시즌 1,아기곰
카지노 시즌 1,"고등학생 연기를 40살이 하게 하고, 30대 연기를 60살이 하게 하는 건 도대체 누구 대가리에서 나온 발상임?"
카지노 시즌 1,귀여운_침착맨_569931
카지노 시즌 1,OTT 드라마 이렇게 집중도 있게 본게 몇 안되는데 민식이 형님 최고
카지노 시즌 1,민짱
카지노 시즌 1,"결말에 대해 불만들이 많은데 시즌2에 대한 기대감 때문인듯.
시즌2생각 안하고 본다면 나름의 의미가 있는결말.
물론 다른 결말이었다면 어땠을까가...여튼 김민이란 배우를 건진 작품"
카지노 시즌 1,엔젤투하트
카지노 시즌 1,"흥미진진한 전개, 주조연들의 연기력, 시간을 넘나드는 연출, 줄거리, 대사 등 뭐 하나 빼고 싶은게 없다"
카지노 시즌 1,원석
카지노 시즌 1,뭔가 편집이 뒤죽박죽인 느낌이 좀 있긴 한데... 느와르를 드라마의 호흡으로 즐길 수 있다는 것만으로도 매력적.
카지노 시즌 1,Sir_ChristopherNolan
카지노 시즌 1,표현부터 뭔가 거칠다.... 주인공의 서사와 스토리는 루즈하다... 결론적으로 드라마의 방향을 모르겠다.
카지노 시즌 1,어바웃타임
카지노 시즌 1,재밌다는 입소문에 비해 다음 편이 궁금할 정도로 흥미롭지는 않으나 볼 만은 하다.
카지노 시즌 1,궁금한_브래드피트_878519
카지노 시즌 1,민식이형!! 이렇게 죽으면 너무 허무해서 어떡해요... 손석구 배우의 연기는 항상 화나있고 과장된 그 표정이 싫다
카지노 시즌 1,persona
카지노 시즌 1,16부동안 최민식의 연기의 향연을 만끽할 수 있다는 행복. 시간 가는 줄 모르고 보게 된다. 같은 필리핀 범죄를 배경으로 한 영화 마스터의 이병헌보다 수리남의 황정민보다 현실감있다
무쇠소녀단 2,키노마크
무쇠소녀단 2,다양한 각도에서 다채로운 방법으로 갈고닦는 쇠맛
살롱 드 홈즈,고고한_엠마스톤_106605
살롱 드 홈즈,"쿠플에 있길래 별 기대없이 봤는데 대존잼임
오늘 3회 대기중 ㅋㅋㅋ"
살롱 드 홈즈,시즈씨
살롱 드 홈즈,배우들의 노고만 으로도 🥹👍 괜찮은 #k- 장르물!
살롱 드 홈즈,행복한_송혜교_605203
살롱 드 홈즈,가볍게 보기 좋아유
살롱 드 홈즈,상냥한_엘사_909587
살롱 드 홈즈,뻔하다. 그런데 fun하다
살롱 드 홈즈,무하마드찰리
살롱 드 홈즈,나쁘진 않은데 시즌2까지 나올 정도인가 싶다
살롱 드 홈즈,최고
살롱 드 홈즈,속터지는 고구마답답이 종종 등장하지만 그래도 유쾌하게 잘 봤다. 뻔하거나 나이브할지라도 이렇게라도 통쾌한 게 좋은 답답한 세상! 시즌2 기다립니다♡
살롱 드 홈즈,junhyeong416
살롱 드 홈즈,이 각본 이 조합 이 스타일로 시즌 이어나가길
살롱 드 홈즈,박도하
살롱 드 홈즈,"재밌기는 한데 추리는 별로 없고 액션?이 주라서 좀 답답함
차라리 그냥 소소하게 일상 사건 해결하는 초반이 좋았던듯"
살롱 드 홈즈,비디오가게
살롱 드 홈즈,시트콤인줄 알고 봤더니 추척60분 이었다.
살롱 드 홈즈,낙관주의민
살롱 드 홈즈,계속 보게 된다. 잘만들었다는 뜻이다. 하지만 내가 지금 이렇게 시간 낭비해도 되나
진격의 거인 The Final Season 완결편 (전편),Veil
진격의 거인 The Final Season 완결편 (전편),이 시대에 태어난 이유는 진격의 거인을 보기 위해서였다.
진격의 거인 The Final Season 완결편 (전편),영린이
진격의 거인 The Final Season 완결편 (전편),마지막을 향한 땅울림
진격의 거인 The Final Season 완결편 (전편),인생영화찾는사람
진격의 거인 The Final Season 완결편 (전편),진짜 연출이 지리는데
진격의 거인 The Final Season 완결편 (전편),왕순kim
진격의 거인 The Final Season 완결편 (전편),끝을 향해 달려가는 진격의 거인.
진격의 거인 The Final Season 완결편 (전편),MOVIE1221
진격의 거인 The Final Season 완결편 (전편),"멸망을 초래할 재앙의 공포 속에서 일치해가는 후회와 죄책감, 잔혹한 세계 속에서 찾고 싶은 희망"
진격의 거인 The Final Season 완결편 (전편),SH60243
진격의 거인 The Final Season 완결편 (전편),GOAT
진격의 거인 The Final Season 완결편 (전편),PHY
진격의 거인 The Final Season 완결편 (전편),애니가 아니다. 역사다.
진격의 거인 The Final Season 완결편 (전편),상냥한_신동엽_548064
진격의 거인 The Final Season 완결편 (전편),시리즈의 빈곳을 다듬기 위한 사포.
진격의 거인 The Final Season 완결편 (전편),도전정신
진격의 거인 The Final Season 완결편 (전편),떡밥 회수의 교과서. 최근 중에 가장 도파민 터지는 느낌.. 오랜만이었음
진격의 거인 The Final Season 완결편 (전편),그림소리
진격의 거인 The Final Season 완결편 (전편),파멸의 신화가 촘촘하게 결말로 향한다.
임영웅│아임 히어로 더 스타디움,화가난_차은우_630687
임영웅│아임 히어로 더 스타디움,"팬들을  생각하는  마음이 진심이라는걸 다시 한번  느끼고 감동 받았어요~ 지금도  좋은 점이   차고 넘치는데  더 좋아졌어요.
앞으로도  좋은 공연 기대하며  응원합니다!!!^"
임영웅│아임 히어로 더 스타디움,Sean
임영웅│아임 히어로 더 스타디움,"이름처럼 산다. 
엄마의 청춘을 알아주는 임영웅이 너무좋더라
진정한 히어로"
임영웅│아임 히어로 더 스타디움,폭룡적_카리나_812159
임영웅│아임 히어로 더 스타디움,영화관내 모든 연령의 엄마들을 소녀로 만들어주는 영화 진짜 영웅 히어로였다
임영웅│아임 히어로 더 스타디움,신이난_송혜교_519142
임영웅│아임 히어로 더 스타디움,임영웅 아임히어로더스타디움  공연 영화는 팬들을 향한 진심과 아티스트 로써 전심을 합해 감동과 전률을 느끼게 해준다. 눈과 귀가 즐겁고 가슴을 울리는 영화
임영웅│아임 히어로 더 스타디움,똑똑한_박찬욱_297898
임영웅│아임 히어로 더 스타디움,임영웅 최고입니다 .... 영화 다시 보겠습니다
임영웅│아임 히어로 더 스타디움,친절한_침착맨_644908
임영웅│아임 히어로 더 스타디움,임영웅의 노력과 진심이 느껴졌다
임영웅│아임 히어로 더 스타디움,화가난_강동원_607560
임영웅│아임 히어로 더 스타디움,팬들을 사랑하는 마음이 진심이라는 마음이 느껴지고 영화를 보고  감동을 받았어요.
임영웅│아임 히어로 더 스타디움,고고한_김혜수_897547
임영웅│아임 히어로 더 스타디움,"임영웅은역시임영웅이라는걸영화보며다시한번확인~
라이브실력영상미그리고멋진아티스트준비과정
모든게퍼팩트"
임영웅│아임 히어로 더 스타디움,덤덤한_봉준호_288917
임영웅│아임 히어로 더 스타디움,최고의영상ㆍ감동입니다
임영웅│아임 히어로 더 스타디움,배려와존중하기
임영웅│아임 히어로 더 스타디움,명품가수 임영웅의 아임 히어로 더스타디움은 볼때마다 행복하고 볼때마다 놀라움이네요 하나하나 섬세하지만 철저한 준비로 행복을주려 노력한 모습에 또 반합니다 모든날 모든순간 사랑합니다
오징어 게임 시즌 3,드영광
오징어 게임 시즌 3,시즌 1만 본 사람이 이 게임의 우승자
오징어 게임 시즌 3,상냥한_안나_234193
오징어 게임 시즌 3,저만 재밌었나요..?
오징어 게임 시즌 3,낯선사람
오징어 게임 시즌 3,이전 2개의 시즌을 보면서 느꼈던 ‘벌써 끝이야?’ 라는 생각은 들지않고 ’언제 끝나지?‘ 라고 생각하는 나를 발견했다.
오징어 게임 시즌 3,샤베트
오징어 게임 시즌 3,시즌2부터 쌔함의 징조는 있었지만 이정도로 역대급 졸작일줄은.. 캐릭터 소모도 멋대로에 스토리도 말아먹고 또 다시 후속작얘기를 할줄이야 ㅋㅋ 진짜 다신 보지말자
오징어 게임 시즌 3,궁금한_팀버튼_625622
오징어 게임 시즌 3,재밌구만. 이미 시즌 종료된 걸 이렇게 멱살잡고 끌고온 것도 대단한거임. 1시즌으로 돈 못 번 황동혁 감독 이거로 돈 벌었음 충분하다고 본다.
오징어 게임 시즌 3,작두
오징어 게임 시즌 3,"시즌2에서 봉합되지 못한 것들이 여전히 봉합되지 못하고, 신파만 남발하다 희생정신을 강요하는 듯 불필요한 시즌임이 틀림없다"
오징어 게임 시즌 3,도도한_567681
오징어 게임 시즌 3,너무 지루하다
오징어 게임 시즌 3,카즈하
오징어 게임 시즌 3,결말이 어떻고 간에 중간에 외국 VIP들 때문에 몰입도 ㅈㄴ 방해되네
오징어 게임 시즌 3,덤덤한_윤여정_163280
오징어 게임 시즌 3,너 고구마 좋아하잖아
오징어 게임 시즌 3,GTOPVC
오징어 게임 시즌 3,4화 진짜 장난하나ㅋㅋㅋㅋㅋㅋㅋ 작가들 한 화씩만 맡았음? 개연성 너무 떨어짐
카지노 시즌 2,주이지
카지노 시즌 2,최배우의 연기와 이배우의 연기로 봤지만 제 스탈은 아니군요
카지노 시즌 2,DadPool
카지노 시즌 2,"“어두육미라고 아세요? 형님?“ 
“어두육미가 아니라 용두사미. 카지노를 뱀에 비유한 말이야 인마!“"
카지노 시즌 2,귀여운_침착맨_569931
카지노 시즌 2,마지막 흐름전개가 대단히 아쉽지만 그래도 만족함
카지노 시즌 2,선우
카지노 시즌 2,재밌게 보긴 했지만 솔직히 만듦새만 본다면 비슷한 류의 성인 만화책 여러 개를 얼기설기 엮어서 영상화 한 수준... 특히 마지막회 하이라이트 시퀀스에선 할 말을 잃었다.
카지노 시즌 2,Ghooug
카지노 시즌 2,마지막화보고 너무 충격적임 내가 이걸 보려 기다렸다니...;;;
카지노 시즌 2,무명 아님 누명
카지노 시즌 2,최민식의 연기 빼고는 볼 게 없는 망작. 만화방 양판소 정서의 드라마화......
카지노 시즌 2,밀크티
카지노 시즌 2,형만한. 아우 없다는 말이. 생각남
카지노 시즌 2,즐거운_크리스토퍼_645008
카지노 시즌 2,평점이 너무높아요 마지막회로 갈수록 의미없게 늘어진 연출 시즌2 16부작까지 만들 능력없으면 10부작에 맞춰 제작햇어야 하는듯! 아 그리고 엿바꿔 먹은 개연성
카지노 시즌 2,윤효준
카지노 시즌 2,아직 진행중이지만 시즌1에 비하면 아쉽다
카지노 시즌 2,김준모 기자
카지노 시즌 2,연속된 캐릭터 투입과 허세 충만한 이야기를 계속 부풀리다가 터져버리는 장기연재작의 문제를 고스란히 보여준 작품. 냉정하게 볼때 강윤성 감독에게 무리였던 16부작 드라마.
히카루가 죽은 여름,오리
히카루가 죽은 여름,아직 1화만 나와서 뒷내용이 엄청 궁금하다. 요괴 이야기를 좋아하는 사람들은 재밌게 즐길 수 있을 것 같아 보인다. 과하게 덕후덕후 하지않고 적당히 담백해서 좋다.
히카루가 죽은 여름,PHY
히카루가 죽은 여름,"1화 까지만 봤는데, 작화 좋고, 스토리 좋고, 앞으로의 내용이? 기대되지만 걱정이 되는.."
히카루가 죽은 여름,하다니
히카루가 죽은 여름,"작화, 스토리 모두 훌륭
특히 1화에서 지리한 서사 없이 곧바로 본론으로 들어가는 것이 신선했다
이 정도 파격은 있어야"
히카루가 죽은 여름,폭룡적_이정재_587265
히카루가 죽은 여름,잼나보임
청담국제고등학교 2,녜원
청담국제고등학교 2,"그냥.. 존나 오글거림..... 꽃보다 남자가 떠오른다
제나 상속 화이팅"
청담국제고등학교 2,서성로원펀치
청담국제고등학교 2,"시즌1은 그래도….
시즌2가서 갑자기 왜그래 
돈 두 댓 ㅠㅠ"
청담국제고등학교 2,페페
청담국제고등학교 2,다들 이해할거라 믿어
야당,양기자(YCU)
야당,'대한민국 검사'가 대통령을 만들 수도 죽일 수도 있다는 대사만 또렷하게.
야당,ossie
야당,"다소 올드하고 익숙히 아는 맛인데 기본은 하는, 처갓집 양념통닭같은 영화"
야당,박수민
야당,나 몇 번을 빠꾸하고 싶었는지 몰라 관식아
야당,프로방스
야당,몇 년이 지나도 스토리는 변하질 않네.
야당,돈패닉
야당,선수입장이당~!
야당,마뮤렌
야당,하필 이름이 야당이라 참 의미심장하다. 검찰 공화국에서 검사가 대통령을 만들기도 하고 죽이기도 한다라...
야당,ezzzz
야당,"“익숙한 재료로 완성한 강렬한 맛, 자극과 몰입감이 돋보이는 범죄극.”"
야당,믹무비
야당,15세에 맞추려다 청불 판정나니 애매함만 남았다.
야당,친절한_윤여정_991616
야당,개꿀잼
야당,최정표
야당,진부하고 촌스럽다
대탈출 시즌 1,쿠곰라이츠
대탈출 시즌 1,방탈출 진짜 좋아하는데 너무 잘만들었다
대탈출 시즌 1,랑야방
대탈출 시즌 1,.
대탈출 시즌 1,승진
대탈출 시즌 1,대탈출 세계관의 시작
대탈출 시즌 1,멈머
대탈출 시즌 1,제작진... 퀄리티 진짜.. 방탈출에 진심이시네요
대탈출 시즌 1,귀여운_영광이_240223
대탈출 시즌 1,셋트 제작비가 아깝지 않고 함께 몰입하다 보면 마지막엔 함께 탈출하는 기쁨
대탈출 시즌 1,개빡쎈_김치찌개
대탈출 시즌 1,PD 천재야 진짜로
대탈출 시즌 1,SH
대탈출 시즌 1,시즌 중 스케일은 가장 작지만 낯선 공간에서 실마리를 찾아가 퍼즐을 푸는 '방탈출'의 묘미는 가장 잘 살렸다.
대탈출 시즌 1,소나
대탈출 시즌 1,"역대급 스토리,설정  예능에서 다시 이런 작품을 볼 수 있을까?  힘든 걸 알지만 새로운 시즌 나오면 좋겠다"
대탈출 시즌 1,홍콩
대탈출 시즌 1,"출연진에게 아쉬운 점들은 있지만 정종연과 제작진이 보여주는 세계관과 연출, 미술요소들은 미쳤다. 
태양여고는 세계관부터 재미까지 다 잡은 레전드 회차👍 강력추천"
대탈출 시즌 1,졔졔
대탈출 시즌 1,방탈출 매니아들은 빠져들 수 밖에 없는 프로그램
메스를 든 사냥꾼,행복회로
메스를 든 사냥꾼,박주현 여주 연기가  늘지 않아 아쉬움
메스를 든 사냥꾼,아미가로
메스를 든 사냥꾼,남주 여주 연기가...집중을 방해 한다...
메스를 든 사냥꾼,무하마드찰리
메스를 든 사냥꾼,"살인마, 프로파일러에 열광하는 나라에서 왜 이리 범죄스릴러는 제대로 된 게 안 나올까"
메스를 든 사냥꾼,사이렌오빠
메스를 든 사냥꾼,박주현 연기 보기 힘드네 ㅜㅜ
메스를 든 사냥꾼,낯선사람
메스를 든 사냥꾼,죄책감을 정의로 승화시킨다.
메스를 든 사냥꾼,Cona
메스를 든 사냥꾼,먼가 조금 아쉬움이 남긴 한대 재미 있게 좔봄
메스를 든 사냥꾼,jihux
메스를 든 사냥꾼,🥰
메스를 든 사냥꾼,너무많이봐서기억도안나
메스를 든 사냥꾼,여주연기왜그럴까.. 이런거보면 범인들 참 부지런해
메스를 든 사냥꾼,우울한스필버그
메스를 든 사냥꾼,원작은 안봐서 모르지만 드라마는 2%가 부족한게 아니고 30%는 부족한게 맞는거 같다..... 기대한 드라마인데...
메스를 든 사냥꾼,Qikachu
메스를 든 사냥꾼,8~10부작짜리를 16부로 늘려놓은 느낌 중간에 상당히 지루함 후반부가 볼만했고 괜찮은 엔딩인줄 알았으나 난데없는 오글오글씬으로 끝을 내는 바람에 엥 소리 절로 나옴
광장,허드렛일
광장,느와르적인게 1도 없음.  처절하고 날것의 느낌이 나야되는데 그냥 회사원2임..스타일도 차리리 외계+인 소지섭 스타일이 더 남기준에 가까움..연출력은 서프라이즈 수준임..
광장,무하마드찰리
광장,"악역 소화 못하는 착한 공명.
친절한 조력자 무덤방 변호사.
힘 안 실린 주먹에 공중을 떠다니는 기괴한 액션.
느와르가 맞나 싶은 촌스러운 음악과 어설픈 연출.
소지섭이 아깝네"
광장,하다니
광장,"원작 얘기가 많은데 원작을 전혀 모르는 나로서는 만족
나이가 든 소지섭의 존윅스러운 액션도 좋았고, 스토리도 너무 꼬아놓긴 해놨지만 그래도 납득이 되니 오케이
킬링타임으로 손색 없"
광장,샤베트
광장,느낌을 살리려는 최소한의 노력조차 하지 않았구나
광장,까란티노
광장,"""꽝장"" 이라고 생각. 내가 아는 광장이 아님. 원작에 대한 모독 수준."
광장,귀여운_침착맨_569931
광장,회사원에서 뭘 진화 한거죠??
광장,즐거운_강동원_723654
광장,원작 제목도 들어본적없고 액션느아르 좋아함 스토리도없는대 액션도 구리니 너무 지루함
광장,마왕과나
광장,"원작 안보고 봤는데요
그냥 킬링타임으로 보는게
재미있게 봤음
순삭!!"
광장,도도한_567681
광장,너무 지루하다
광장,luckyhyh
광장,"조직에 들어간 ""회사원"" 소지섭이, 은퇴후 ""존윅""처럼 복수를 위해 돌아와서, ""마동석"" 보다 센 주먹으로 ""해바라기""의 김래원 같은 결말로 끝나는 드라마"
메간,조옹
메간,로봇과 AI에대한 기대와 두려움을 장르적으로 무난히 풀어내다. 너무 큰 기대를 갖지 않는다면 가볍게 보기에 좋은 SF 호러물
메간,쩡이썬이
메간,"공포인듯 아닌듯.강한 한방이 부족하다
그냥 킬링용으로 딱인듯."
메간,톰홀랜드
메간,유치함
메간,색시주뇨비
메간,기괴함과 병맛을 더한 코드
메간,방방
메간,왠지 모르게 웃겨서 재미있게 봤다
메간,라파엘
메간,인공지능 인형의 공포를 유머와 스릴로 정밀하게 직조한 하이브리드 호러의 새로운 가능성
메간,리뷰_한_줄
메간,AI에 대한 두려움을 자칫 뻔할 수 있는 공포영화 스토리에 잘 녹여냈다.
메간,도도한_서강준_798716
메간,메간은 잘못이 없다. 인간이 원인을 만들뿐
메간,밤톨보스
메간,"볼만했고 웃겼다. 예고편이 골 때리길래 웃으면서 보기 시작했는데, 호러라기엔 무섭지 않고 전개도 예측 불가능하지 않았다. 본 시간이 아깝진 않았는데 인상깊지도 않았다."
메간,왕순kim
메간,로봇의 발달에 따른 문제점 미리보기
장마,햇볕은쨍쨍
장마,신선한 독립영화.. 근데 조금 진행이 빠르면 더 나을 듯..
장마,마뮤렌
장마,거북목 있는지 목 쭉 빼고 문 앞에 서있던 학생이 너무 무섭다 했는데...
장마,팜므파탈캣
장마,"변태성욕자를 처단하는 소녀여 건승!
200406"
장마,회사인시우
장마,비를 피하기 위해 들어간 곳은 어디일까
장마,BIGMAC_bro
장마,단편치고는 의외의 긴장감과 스릴감
장마,KillerWhale
장마,연기력이 어설프다
장마,비니비니
장마,장마를 피해 들어간 곳은 어디일까
신명,고고한_마동석_865490
신명,내란당 옹호하는 수괴놈들 부들부들거리면서 별점 테러하는것봐라 ㅋㅋㅋ
신명,궁금한_크리스토퍼_631167
신명,"구린내.
아직도 진동하는 용산의 구린내"
신명,최고의하루
신명,이런영화는 꼭한번 보자
신명,✅😉
신명,"윤과 긁들은 극노할, 잘만든 영화."
신명,콩나물꼬랑지
신명,왜이렇게 낮은가 했네 ㅋㅋ 2찍들 또 꼴깝중임?
신명,whizz
신명,이런 것을 영화라고 할 수 있을까
신명,타오르는뺀찌
신명,정치 다큐는 이해하는 편이다 그것들은 나름대로 팩트를 기반으로 하니까. 그런데 이런 어이없는 조롱급 영상을 돈받고 상영하려고 하는 시도 자체가 용서가 안된다. 좌파 호주머니 뜯기.
신명,100000
신명,영화판을 떠나라
신명,우디
신명,"요즘같은 영화시장에서 매진에 가까운 좌석 점유율, 영화가 끝나니 울부짖으며 박수를 치는 일부 관객들을 보며 공산국가에서 영화가 만들어지면 이런 느낌일까..싶었다."
신명,조옹
신명,뭐든 적당히... 이건 아니지
하트페어링,즐거운_이병헌_516323
하트페어링,남들이 뭐라하든 나는 재밌다!!!
하트페어링,잡덕이다
하트페어링,이탈리아에서 부터 7화까지는 좋았음. 8화부터 솔직히 중간 중간 너무 늘어짐.
하트페어링,luffy
하트페어링,"시즌2가 고점이었다  그이후로 계속 추락하는듯 원조연프라는 타이틀 빼고는 이제 뭐가 없음

여러가지부분에셔 트렌드를 못 따라가는개 느껴짐"
하트페어링,천아손
하트페어링,하트시그널 초창기처럼 풋풋함과 설레임이 가득했어오 부디 현커들 이쁜 사랑하깋!!!
하트페어링,상냥한_구씨_134340
하트페어링,지민 여전히 멋있네요. 지민X제연 응원합니다.
하트페어링,아저씨이기세요
하트페어링,"취지에 맞게 나온듯 한 사람 몇명 빼곤, 다들 인플루언서 되려고 나온듯한 ㅋㅋㅋㅋ"
하트페어링,하다니
하트페어링,"감정선 정리가 끝났는데도 억지로 이어가는 느낌
전개속도를 높이자"
하트페어링,행복한_뉴진스_801856
하트페어링,처음엔 재밌는데 메기남 나올때부터 루즈해짐. 그래서 보길 포기함
하트페어링,아덴바렌
하트페어링,재미는 핱시2가 최고지만 그냥 나와주는 것만으로 감사한 시리즈. 예전 사랑에 진심이던 시절이 떠올라서 나올때마다 재밌게 보는 중
커미션,낯선사람
커미션,재능에 가려져 눌려왔던 노력이 터져나온다.
커미션,도도한_567681
커미션,그저 그랬다
커미션,라씨에이
커미션,"7.7/죽여주는 그림, 그려지는 죽음. 재능의 말로든, 범재의 열등감이든, 스스로를 옥죄는 절망과 좌절의 자기혐오, 피해의식 앞에서 모두가 대동단결."
커미션,키노마크
커미션,좋은 변태가 될 가능성은 보여줬다 하지만.. 아쉽다
커미션,eey
커미션,보면서 결말이 총체적 난국일 건 예상을 했지만 이 정도 일줄은… 주제는 나름 괜찮았다.
커미션,맨드로바
커미션,메시지는 있으나 너무 옅어진 영화.
커미션,구씨
커미션,소재보다 대담하지 못 했던 암흑의 세계
나인 퍼즐,브래드앤
나인 퍼즐,김다미는 원래 연기를 저렇게 함…?
나인 퍼즐,100000
나인 퍼즐,"여전히 발전없는 김다미 연기,미스테리한 연출과 범인,9회 마무리안되는 허술한 시니리오."
나인 퍼즐,royalgi
나인 퍼즐,"윤종빈스럽지않은 기시감 가득한 2010년식 지상파드라마스탈+ 무딘감정선에 전혀 팽팽하지않은 노긴장감의 추리물+여주의 오그라드는 부자연스런
연기까지 한몫더하는 시간역주행."
나인 퍼즐,천아손
나인 퍼즐,스포를 못하기때문에 할수 있는 말은 음악 미술 연출 연기 어느것하나 멋지지 않은것이 없다! 될수 있으면 큰화면으로 보세요! 글구 시작하면 멈출수 없으니 본인의 정신력테스트 가능!
나인 퍼즐,민짱
나인 퍼즐,"정교하게 시청자와의 밀당을 설계한 완성도 높은 추리수사물! 전체적인 스토리 전개를 기다리면서도, 또 한회차 한회차마다 완성된 스토리가 있어서, 고구마인가 싶을때 사이다를 주입해줌"
나인 퍼즐,자라
나인 퍼즐,막회가 진짜 아쉬운데..... 그래도 9회까진 흥미진진함
나인 퍼즐,선우
나인 퍼즐,추리물에 범인과 피해자만 있고 과정을 전혀 설명하지 않을 때 드는 당혹감.
나인 퍼즐,ONENONLY51
나인 퍼즐,김다미 연기 진짜 어떻게 좀 안 되나 작품을 망치는 수준인데
나인 퍼즐,이병헌
나인 퍼즐,너무 재밌는데 김다미 캐릭터가 킹받아요
나인 퍼즐,토마스위버
나인 퍼즐,김다미의 오차원인듯한 연기의 톤과 눈만 동그랗게 뜨는 표정이 어색하다.
나 혼자만 레벨업,쿠곰라이츠
나 혼자만 레벨업,한국 웹툰으로 가장 성공적인 애니메이션
나 혼자만 레벨업,귀여운_침착맨_569931
나 혼자만 레벨업,성진우!! 진격의 거인이후로 잘 챙겨 보는 애니!!!!!
나 혼자만 레벨업,L͜͡o͜F͜i
나 혼자만 레벨업,"원작에 충실하고 작화를 갈아넣은 액션씬이 돋보인다. 한국작품 애니화될때 저퀄인 경우가 대부분이었는데 힘 많이 줬다. 캐릭터 한국어이름, 일어이름 이중녹음하는 성의도 보였다"
나 혼자만 레벨업,메키케키
나 혼자만 레벨업,이 정도면 웹툰을 애니로 적당히 잘 바꾼 듯
나 혼자만 레벨업,dotlgn_anime
나 혼자만 레벨업,아직 방영중이지만 전개를 너무 질질 끈다...
나 혼자만 레벨업,프리렌
나 혼자만 레벨업,"소설 웹툰 다 안봤는데
이거 보고 왜 안봤었을까 후회중
너무 재밌음"
나 혼자만 레벨업,아휴참
나 혼자만 레벨업,한국어 더빙 원해요??
나 혼자만 레벨업,네오바나나
나 혼자만 레벨업,"에반게리온과 고질라, MMOGPG의 소재와 장점을 잘 접목해서 마치 게임을 하듯이 스토리에 녹여낸 신박함에 빠져드게 만드네요.
아주 나약한 주인공이 점차 성장하는데 기대와 궁금!"
나 혼자만 레벨업,딤
나 혼자만 레벨업,친구 추천으로 봣는데 짱 재밋습니다…. 취저..💓
나 혼자만 레벨업,마요케찹
나 혼자만 레벨업,"일본판 이름으로 창씨개명 안당하고 기무상, 바꾸상 이러는 거 보기 좋음. 대신 좀 질질 끌어서 노잼"
남주의 첫날밤을 가져버렸다,RUBY
남주의 첫날밤을 가져버렸다,이런식으로 웹툰 각색할거면 그냥 하지를 않았으면.
남주의 첫날밤을 가져버렸다,새침한_다람쥐_984391
남주의 첫날밤을 가져버렸다,그냥 편하게 보는 병맛 로맨스 ㅋㅋ
남주의 첫날밤을 가져버렸다,언제나
남주의 첫날밤을 가져버렸다,말도안되지만  웬지 이런b 급에 끌리는건먼지  ㅋㅋㅋ  재미짐
남주의 첫날밤을 가져버렸다,하다니
남주의 첫날밤을 가져버렸다,"노 브레이크 경로이탈 로맨스 판타지라는 설명이 너무 오글거려서 별 한개로 시작
1편 보고 다시 평가할게요"
남주의 첫날밤을 가져버렸다,니가그렇지모
남주의 첫날밤을 가져버렸다,여주연기ㅋㅋㅋ완전 코미디ㅋㅋㅋ 반면 남주연기 너무 진지해서 웃기네
모범택시,우울한 송강호_42958
모범택시,제발 넷플이랑계약해쥬시오
모범택시,가보자고
모범택시,이렇게 통쾌한 사적복수를 아직도 많은 사람들이 좋아하는 이유가 씁쓸하다
모범택시,딩푸
모범택시,이런 내용의 드라마가 공감을 얻지 못 해야 하는데 공감이 간다는데에서 오는 씁쓸함이 있다.
모범택시,멍멍쿠잉
모범택시,요상하게 뒷부분에 가면 갈수록 내 집중력이 흐트러져서 보다 끄고 보다 끄고 하다가 겨우 끝까지 달리고 나서 알았다.
모범택시,꼬마
모범택시,웨이브에서 볼수 있어요
모범택시,캐즈
모범택시,옴니버스 형식의 사이다 100% 복수극
모범택시,귀여운_도라에몽
모범택시,법이 못 해주는 걸 해줘버리는 능력자들
모범택시,쿵푸팬더~.*
모범택시,범죄자에게 너무나 관대한 이 나라의 사법 체계 안에서 펼쳐진 실제 사건을 바탕으로 한 이야기의 흥미로운 전개가 공감되고 통쾌하면서도 씁쓸한 느낌이 한가득이다. (1~16화)
모범택시,요이쿵
모범택시,"시즌3가 나온다는 걸보고 다시 정주행중입니다 
다시봐도 👍"
모범택시,밀크티
모범택시,대리만족. 충분히. 되는  속션한 드라마!!!
청담국제고등학교,친절한_신동엽_374941
청담국제고등학교,도파민이 팡팡터지고 스릴있다
청담국제고등학교,BIGMAC_bro
청담국제고등학교,어설픈 연기자들의 연기. 비는 미술. 웹 드라마보다도 떨어지는 완성도…
청담국제고등학교,고고한_한효주_101651
청담국제고등학교,짱
청담국제고등학교,송송이
청담국제고등학교,코난 소재를 학원물로 둔갑시켰음.
청담국제고등학교,녜원
청담국제고등학교,이은샘님의 연기가 참.. 한결 같다
청담국제고등학교,태태태블
청담국제고등학교,"출연진 연기도
내용도
고증도
심지어 엔딩곡 마저도

전부 최악이었다

2020년대에 만들어졌다는게 믿기지 않는 드라마

24.2.21"
청담국제고등학교,리미터
청담국제고등학교,주인공 나락 보내는 드라마 맞죠?
청담국제고등학교,김치
청담국제고등학교,10살만 어렸으면 재밌게 봤을 듯
청담국제고등학교,HARU
청담국제고등학교,"예리연기가 살짝 오그라들기도 함
상속자들과 같은 느낌으로 
그 보다는 시대가 발전함에 따라 살짝 업그레이드 된 느낌"
청담국제고등학교,화가난_강동원_906849
청담국제고등학교,민폐덩어리 주인공
이혼숙려캠프,프리즈미
이혼숙려캠프,"비혼:결혼은미친짓이야.

미혼:이게결혼이라고? 

기혼:우리는괜찮을지도?"
이혼숙려캠프,독사과를든마녀
이혼숙려캠프,보면 화병날꺼 같은데 또 보게 되는 ...
이혼숙려캠프,KillerWhale
이혼숙려캠프,투견부부 레전드→걱정부부가 레전드 갱신→절약부부가 레전드 갱신. 앞으로 또 얼마나 막장부부가 나올지...
이혼숙려캠프,YOHAN
이혼숙려캠프,볼때마다 혈압올라 으
이혼숙려캠프,고앵씨
이혼숙려캠프,짤과 숏츠만봐도 환장하겠는데 본편찾아보면 더 환장함
이혼숙려캠프,이밍둥망둥
이혼숙려캠프,"ㄱㅐ열받는 가족 나오면 다음 주 기다리기 너무 힘들다..
이혼하세요.. 제발요.. 제가 부탁할게요.."
이혼숙려캠프,moooovie
이혼숙려캠프,보면 진짜 짜증만 나는 프로그램
이혼숙려캠프,폭룡적_레오_537290
이혼숙려캠프,9기까진 잼있었으나 보다보니 오바하고 대본있는 것들이 보이는 듯
범죄도시4,우아한
범죄도시4,범죄도시4
범죄도시4,무비JWm
범죄도시4,"No Funny
No Develop
No Action
“카레에서 짜장으로 바뀌면 뭐하나 이미 아는 맛인데.”"
범죄도시4,색시주뇨비
범죄도시4,차라리 김무열 단독 빌런을 하지 그랬어
범죄도시4,당첨플리즈
범죄도시4,신기하게 같은 느낌인데 새롭다 다만 너무 초심만 지키는 느낌 슬슬 흥미를 잃을지도……….
범죄도시4,션스
범죄도시4,이제는 맛없는 아는 맛
범죄도시4,귀여운_침착맨_569931
범죄도시4,코믹은 있는뎅 뭔지 소재 갈고도가 심한느낌
범죄도시4,아임열
범죄도시4,블라인드 시사회로 봤어요. 4편도 기대하셔도 됩니다~! (아직 출시까지 일년정도 남아서 스포는 못해드려요)
범죄도시4,톰홀랜드
범죄도시4,1.2가 그립다 더는 볼 수 없는 걸까?
범죄도시4,yemovie
범죄도시4,"우리의 FDA! 장이수가 다 했다.
개인적으로 2,3편의 빌런보다 훨 인상적이었던 4편의 빌런."
범죄도시4,블루토토
범죄도시4,"액션에 더 신경을 쓴 부분이 만족스러웠음
악을 응징하는데서 오는 카타르시스란..
다 아는 맛이지만 여전히 맛있음"
스트리밍,귀여운_침착맨_569931
스트리밍,베우가 아깝다 소재가 아깝다 서치처럼 제대로 살릴 수 있었는데 ㄷㄷ
스트리밍,snowflaker
스트리밍,"좋댓구를 향한 지랄발광. 그리고… 아무래도, 영화흥행은 완전 좆됐구."
스트리밍,yemovie
스트리밍,이거 재밌다는 사람들이 ㄹㅇ '주작'하는거임.. 마치 유튜브를 시청하는 듯한 연출은 흥미롭지만 너무 정신없고 전반적으로 의문점 투성이임.. 왜 창고 영화였는지 너무나도 잘 알겠고연
스트리밍,타바타
스트리밍,요즘 영화관에 사람들이 없는 이유를 절실히 보여준다.
스트리밍,9rownd
스트리밍,재밌는데. 롱테이크 연기도 거침없고.
스트리밍,박스타
스트리밍,뭐 마틸다 찾고 그런건 좋았는데 살인마랑 만나고부터 영화가 끝날때까지 좀 그랬음
스트리밍,쾌속열차신난다
스트리밍,경찰은 노냐
스트리밍,무하마드찰리
스트리밍,"강하늘은 베이스가 악한 캐릭터를 연기할 때
뭔가 늘 겉돌고 쪼가 느껴진다"
스트리밍,규민
스트리밍,다른 건 제쳐두고 정말 강하늘 연기는 나랑 안맞네. (+ 6억 5천을 벌기 위해 쌩쇼를 하던 <드라이브> 보다도 별로… 진짜 할말이 없네… ㅎㅎ)
스트리밍,도도한_567681
스트리밍,강하늘의 연기가 좋았다
약한영웅 Class 1,두둥탁
약한영웅 Class 1,"빠른 템포와 전개, 시원시원한 액션, 훌륭한 연기. 웨이브서 졸잼 작품 물어보면 무조건 이거 말할듯"
약한영웅 Class 1,딩가딩가
약한영웅 Class 1,아직 안본 사람들 어서 보시오.
약한영웅 Class 1,BIGMAC_bro
약한영웅 Class 1,"웹툰이랑 드라마를 잘 안봐서 정말 정보 1도 없이, 기대 1도 없이 봤다가 매우 재미있게 몰입해서 본 작품. 배우들도 전부 처음보았는데.. 입덕해버림."
약한영웅 Class 1,색시주뇨비
약한영웅 Class 1,"힘은 과시가 아니라, 지키기 위한것이라는 이야기"
약한영웅 Class 1,피자김치찌개
약한영웅 Class 1,액션도 좋고 좀 막장스럽지만 뒷이야기를 궁금하게 만드는 매력이 있음. 현대판 말죽거리 잔혹사를 보는 듯하다. 클래스1 이라는 건 2나 3도 있다는 거겠지? 기대된다.
약한영웅 Class 1,뚜블리
약한영웅 Class 1,몇회차씩 다시 정주행해도 좋은 작품
약한영웅 Class 1,연시은짝꿍
약한영웅 Class 1,8화가 시즌2를 간절히 바라게 만들고! 캐릭터들의 감정변화들을 보는게 마음 아프기도 했고 그 상황들이 하나같이 모두 이해가 되서 눈물 한바가지 흘리게 만들어요..
약한영웅 Class 1,타누키
약한영웅 Class 1,매운맛 학원물
약한영웅 Class 1,oe9
약한영웅 Class 1,약한영웅 Class 1 스페셜 시사회 후기
약한영웅 Class 1,물들래
약한영웅 Class 1,WAVE 가입해서 시청 필수
더 글로리 파트 2,선우
더 글로리 파트 2,"다분히 연극적이지만, 끝까지 직선으로 내쳐 달리는 전개가 참 시원했다."
더 글로리 파트 2,그림소리
더 글로리 파트 2,아직까지 이 세상에 권선징악이 필요한 이유.
더 글로리 파트 2,주이지
더 글로리 파트 2,걍 복수가 속션해서 좋았다. 결말 해피엔딩 해주는 은숙작가님 샤릉합니다.
더 글로리 파트 2,장혜령
더 글로리 파트 2,앓던 이가 쑤욱- 아..시원해. 그리고 감사해. 내일을 응원해!
더 글로리 파트 2,귀여운_침착맨_569931
더 글로리 파트 2,연진아 고마워 그렇게 계속 있어서 ㅎㅎㅎ
더 글로리 파트 2,벌크업흰둥이
더 글로리 파트 2,"복수는 통쾌했지만, 반성하는 사람은 아무도 없었다."
더 글로리 파트 2,찡낑찡낑
더 글로리 파트 2,"주여정이란 존재 자체가
그리고 극적인 장면 하나하나가
이 드라마가 판타지라는 걸 상기시켜서 오히려 아팠다."
더 글로리 파트 2,보고싶당웅재
더 글로리 파트 2,"학폭과 왕따도 문제지만 그걸 대처하는 우리의
방법에도 문제가 있다는 걸 생각하게 됐어요."
더 글로리 파트 2,하외욤
더 글로리 파트 2,인간이 인간 같지 않은 것들에게 지배당하는 이유는 그것들은 부끄러움이 없기 때문이다.
더 글로리 파트 2,로니
더 글로리 파트 2,저들을 아프게 한 것들은 부디 이보다도 더한 지옥에서 버둥대며 더욱 고통스러워하기를.
소주전쟁,귀여운_침착맨_569931
소주전쟁,블인때 봤을 때 부터 그냥저냥 했습니다
소주전쟁,색시주뇨비
소주전쟁,확실히 제목을 잘못 지은것 같아요
소주전쟁,폭룡적_엠마스톤_284650
소주전쟁,열받네? 근데 현실이지...  아 근데 재밌네!
소주전쟁,도도한_567681
소주전쟁,그저 그래요
소주전쟁,호날두
소주전쟁,진짜 이렇게까지 밖에 못만드냐 소재는 좋은데 하
소주전쟁,어바웃타임
소주전쟁,물 탄 소주 마냥 밍숭맹숭
소주전쟁,작두
소주전쟁,"0.5차원적인 대사들을 해석하면서 나온 피곤함, 엉성한 편집과 연출, 그리고 이 영화의 최악인 각본의 콤비로 인한 피곤함"
소주전쟁,사랑이
소주전쟁,완벽하다 이제훈잘생김 너무 현실적이고 아픈 역사
소주전쟁,깜찍한별이
소주전쟁,🎬 『소주전쟁』 시사회 리뷰
소주전쟁,작은제비
소주전쟁,영화내내 드라마적인 장면만 나온는데도 지루하지 않았고 사건보다는 인물이 매력적이다.
셔터 아일랜드,선우
셔터 아일랜드,결말을 모르고 있을 때와 알고 있을 때의 매력 포인트가 공존하는 영화다. 따라서 두 번 볼 것을 추천해 드린다. 분명 첫 관람 당시 열심히 추리하느라 놓쳤던 영화의 디테일한 복선과...
셔터 아일랜드,귀여운_침착맨_569931
셔터 아일랜드,"두번 세번 그 이상 보게 됨 , 뭐가 진실이지 나는 내가 맞는 것인가"
셔터 아일랜드,보문동꿀주먹
셔터 아일랜드,두 번 보면 더 재미있는 영화의 교과서 격.
셔터 아일랜드,영알못
셔터 아일랜드,꼬리에 꼬리를 물다 몸통 전체를 삼켜버렸다.
셔터 아일랜드,수원
셔터 아일랜드,영화 자체가 촘촘하게 짜여진 듯한 느낌을 받았다
셔터 아일랜드,일산영화광
셔터 아일랜드,"진실과 마주해 고통스럽게 살것인가, 환상 속에서 편안하게 살 것인가"
셔터 아일랜드,라파엘
셔터 아일랜드,현실과 환상이 교차하는 미로 속에서 마틴 스코세이지 감독이 정밀한 심리 스릴러의 정점을 새겼다.
셔터 아일랜드,낙관주의민
셔터 아일랜드,대사 중에 뭐가 어떻게 돌아가는 건지 묻더라. 내가 느낀  그대로. 즉 경험하지 못한 이해는 너무 얄팍해서 어렵다.그래도 영화는 좀 더 겸손했음 좋았을텐데.
셔터 아일랜드,eey
셔터 아일랜드,셔터 아일랜드
셔터 아일랜드,똑똑한_이정재
셔터 아일랜드,맨 끝까지 쫀쫀하다! 마틴 스콜세지와 디카프리오의 만남은 언제나 기대 이상의 만족을 준다. 2010. 3.5
모범택시 2,구름계단
모범택시 2,현실에서 생기지 않겠지만 그래도 통쾌하긴 해요
모범택시 2,주이지
모범택시 2,1편의 신선함에 비해 좀 떨어진 느낌은있지만 반전과 통쾌함은 여전
모범택시 2,todaywriter__
모범택시 2,"개인적으로 시즌1에 비해서 만족스럽지 않았음
숨겨진 빌런이 너무 일찍 나왔다는 생각이 듬
메인 빌런 역시 지나치게 억지 아냐? 라고 생각할 지경"
모범택시 2,톰홀랜드
모범택시 2,무난하게 잘빠짐
모범택시 2,멍멍이
모범택시 2,여전히 사이다긴 하나 시즌1에 비해 부족한 점이 많이 보인다
모범택시 2,귀여운_도라에몽
모범택시 2,정의롭고 건전하게 돌아온 모범택시
모범택시 2,요이쿵
모범택시 2,"시즌제에서 신선함을 바라면 안된다도 생각한다 
시즌1이 너무 좋았고 2도 재밌게봤고 3도 기존 인물들이 계속 된다고 해서 기대중입니다"
모범택시 2,샤베트
모범택시 2,1에 있던 현실에서 일어날법한 일들을 참교육해주던 드라마는 어디가고 그냥 흥행할만한 요소만 짜집기 해놨네 ㅋㅋ 이제와서 미화를 왜해
모범택시 2,토끼완이
모범택시 2,어렵고 힘든 요즘 누군가의 도움으로 어렵고힘든일 해결하기가 쉽지않은세상인대 드라마로통해 정의로운세상 따뜻한손길에 희망이 보이는 세상을 밝게 비추는 온정이 느껴지는 드라마~
모범택시 2,hye2
모범택시 2,이제훈의 부캐대잔치
타코피의 원죄,PHY
타코피의 원죄,나오면 안되는 애니가 나와버렸다...
타코피의 원죄,sebastian
타코피의 원죄,"7월 18일 부터 공개 될 거라는데,
도대체 얼마나 암울한 이야기일까..
라프텔 구독 해야겠다!"
모범택시 3,한드덕
모범택시 3,시즌3는 얼마나 재밌을까요
모범택시 3,깜찍한_팀버튼_216393
모범택시 3,드라마 모범택시시즌3
모범택시 3,싹싹한_마동석_487408
모범택시 3,모범택시3 너무너무너무 기대중!!!! 무지개운수들 케미 빨리 보고싶당!!!
히든 페이스,장혜령
히든 페이스,각자의 욕망의 발견된 그곳. 서로 행복하면 된거야. 원작 보더 더 나아간 반전에서..'헉'. 한국 상업영화에서 보기 드문 서사.
히든 페이스,미생
히든 페이스,몰입도최고
히든 페이스,샤일록
히든 페이스,자극이라는 벽 속에 갇혀버린 주제의식
히든 페이스,바이올렛순임
히든 페이스,긴장감 빠진 스릴러잖아! 이게 뭔 영화야? 보고 싶지도 않은 정사씬이 너무 길어!
히든 페이스,아카소에이지
히든 페이스,박지현과 조여정의 선후배없는 연기배틀 (송승헌은 늘 그렇듯 아쉬워)
히든 페이스,화가난_에스파_616681
히든 페이스,동성애 영화네요!~~~~
히든 페이스,재밌는_티모시_855643
히든 페이스,두 여배우 연기 외에는  별로.    웬 731부대 설명까지. 비쥬얼도 인간중독만  못  함.
히든 페이스,나이트시네마
히든 페이스,"어색한 초반
흥미진진한 중반
어이없는 후반"
히든 페이스,고고한_짱구_930829
히든 페이스,"어저께 시사회에서 봤습니다. 넷플에서 원작도 봤는데 원작보다 구성이 매끄럽고, 각색이 잘 된 느낌이었습니다.
수위는 높지만 예쁘게 보여져서 괜찮았습니다. 마지막 의외의 결말!"
히든 페이스,movielover
히든 페이스,의외로 몰입도 높은 에로틱 스릴러. 박지현의 강렬한 연기
브릭,닉네임
브릭,방탈출 게임이 더 재밌을 듯. 말은 너무 많고 보여줕 건 너무 없고.
브릭,낯선사람
브릭,혼자 살 수 없는 세상. 마음의 문을 닫고 벽을 세운 채 자기만의 생각에 빠져사는 것이 얼마나 무서운지 보여주고 그것을 깨고 나가야 희망이 있다는 것을 알려준다.
브릭,sebastian
브릭,어처구니 없는
브릭,신이난_코난_717446
브릭,원하는 만큼 흥미롭지 읺았다.
브릭,DAY6TONES
브릭,소재는 좋았다. 소재만 좋았다.
브릭,쫀이꺼
브릭,"흥미로운 주제 허나 아쉬운 스토리 라인.

조금 더 벽에 대한 엄청난 비밀이 있었길 바랬다."
브릭,Jins
브릭,"보는 내내 다양한 추리를 했는데, 결론에 살짝 맥 빠짐- 실제 벽 외 각각 인물마다의 벽이 나오는데 설득력이 약해서 공감이 잘 안됨- 매력적인 서사의 주인공의 부재!"
브릭,가영가
브릭,벽돌들이 생각마저 가두는 정석
브릭,아낙네수나문
브릭,"이 영화를 왜 만들었을까.....하는 의문이 드는 영화. 쏘우, 큐브처럼 밑도 끝도 없이 1편을 던져 놓고 후속편에서 풀기 위한 전개. 과연 2편이 나올 수 있을까?"
브릭,션스
브릭,소원한 커플을 위한 화해의 방 탈출!
쥬라기 공원,귀여운_침착맨_569931
쥬라기 공원,공룡 레전드의 시작!! 진짜 재미있게 봤어요 ㅎㅎㅎㅎ
쥬라기 공원,박성현
쥬라기 공원,25년이 지나서야 조금 어색한 티가 나기 시작하는 CG와 나 죠스 감독인거 잊어버렸냐?라고 어필하는 스필버그의 호러 연출이 만난 영화. 장면장면의 서스펜스가 탁월하지만 그랜트 박사...
쥬라기 공원,톰홀랜드
쥬라기 공원,어릴때보고 극장에서 본것도아닌데 몰입감장난아님 심장개쫄림
쥬라기 공원,양기자(YCU)
쥬라기 공원,"""아이맥스로 다시 보며 '쥬라기 공원'의 '티렉스' 표효를 듣는 감동!"" 2013년에 느꼈는데 다시 느껴보고 싶다."
쥬라기 공원,영알못
쥬라기 공원,"1990년대 블록버스터, 특수효과, 상상력의 상징."
쥬라기 공원,어바웃타임
쥬라기 공원,공룡 영화의 대표작!
쥬라기 공원,박스타
쥬라기 공원,"이번에 개봉한 쥬라기 월드: 리버스를 보기 전에 오랜만에 다시 봤다.
30년이 넘은 영화지만, 4K로 리마스터링돼서 그런지 크게 어색하지 않았다."
쥬라기 공원,리뷰_한_줄
쥬라기 공원,"심장이 뛰고 가슴이 웅장해지는 이런건 아니지만, 나름 흥미진진한 요소들이 있는 테마파크같은 영화."
쥬라기 공원,영화조아
쥬라기 공원,"대단한 연출력, 심장 쫄리게 만드는 서스팬스, 가슴 벅차오르는 OST, 경이로운 CG 모든것이 완벽한 블록버스터"
쥬라기 공원,타는태양
쥬라기 공원,"허술한 설정과 인위적인 연출이 곳곳에 산재해 있기는 하지만, 내가 세상에 존재하지도 않았던 1993년에 이 영화를 봤다면 충격 그 자체였을 것 같다."
발레리나,Dawn.PARRK
발레리나,존윅인데 말해뭐해
발레리나,자두투
발레리나,숨쉴틈 없는 긴장과 액션의 연속
발레리나,cygong
발레리나,볼만함~!
발레리나,깜찍한_마동석_234823
발레리나,4.5
로비,귀여운_침착맨_569931
로비,장난합니까
로비,민짱
로비,"그린 잔디 위에서 별쳐지는 골프공과 혓바닥의 액션 대활극!
골프라운딩 한두번 가본 관객이라면 공감할 포인트가 넘쳐난다."
로비,도도한 스필버그_54099
로비,"초반에 감독 하정우에 실망했는데, 후반에 웃기다."
로비,힙합팬
로비,하정우식 유머로 점철된 2시간 블랙 스케치 코미디.
로비,달리는펭귄
로비,코미디 물이라기에는 웃기지 않고 드라마라기에는 내용이 비었다
로비,연분홍빛춤출무렵
로비,그냥 볼만은 한데 보고 나니 아무것도 남는게 없다. 코미디인데 딱히 웃기지도 않고 스토리도 재미있지 않고. 뭘본건지 기억이 없다.
로비,라파엘
로비,섬세한 말투로 웃기고 씁쓸한 현실로 찌르는 느슨하지만 날카로운 블랙코미디
로비,BIGMAC_bro
로비,불공정한 세상에서 외치는 눈치코치 나이스 온~ / 하정우 감독의 유머를 좋아한다면 볼만함. 아쉽게 킥은 없음
로비,영화조아
로비,아무 생각 없이 이 영화를 코미디로만 본 내가 뻘쭘해진다
로비,레오
로비,웃고 넘기기엔 씁쓸한 이권 카르텔의 민낯 보기
노무사 노무진,DD
노무사 노무진,이 드라마 보이콧합니다. 감독은 노동자 탄압하던 자.
노무사 노무진,드두디
노무사 노무진,다 너무너무너무 좋은데 뭔가 아쉬워요ㅜㅜ
노무사 노무진,귀여운_침착맨_569931
노무사 노무진,그냥저냥 합니다 특별하지도 재미없지도
노무사 노무진,영화라흥해라흥
노무사 노무진,노무사 역할이라 법률용어가  많이 사용되는데 어려울법한 대사를 정경호 딕션이 좋다보니 귀에 쏙 잘 들어오고  드라마 몰입도를 높이는데 한몫함  스토리 전개가  빨라서 재밌음
노무사 노무진,입닫고빵이나먹어
노무사 노무진,"고인 오요한나는 근로자가 아니라고 생까던 mbc에서
이런 드라마가 나오는 아이러니."
노무사 노무진,오리
노무사 노무진,배우들이 각자 역할에 잘 어울리고 캐릭터들이 매력있다. 예상되는 맛이지만 킬링타임용으로는 좋을 것 같다. 2화가 기다려진다.
노무사 노무진,연분홍빛춤출무렵
노무사 노무진,22년 기준 한국의 산재는 13만여명 그중 사망자는 2200여명! 산재는 우리 주위에 있는 사고다. 하지만 우리들은 외면했다. 관심을 환기시킨것만으로도 난 이 작품을 칭찬해야겠다
노무사 노무진,상냥한_조인성_189700
노무사 노무진,뻔한 징악의 이야기이긴 한데 유머 코드 너무 억지스럽지 않고 난 좋음. 그런데 어쨌거나 난 정의를 실천하라면서 막상 자기는 계약 강요하는 저런 신 싫음.
노무사 노무진,내우주에길이남길
노무사 노무진,"배우들의 연기도 좋고 귀신을 보는 노무사 설정이 흥미롭다
산재사고에 대해서 찐으로 경각심을 느끼게해준다"
노무사 노무진,ruru
노무사 노무진,사연들 넘 슬픔ㅠ
올드 가드 2,신이난_강동원_469644
올드 가드 2,한국을 어쩜 저렇게 표현했음? 검색도 안함?
올드 가드 2,레오
올드 가드 2,늘어지는 전개 + 미완성 결말 = 어이없음 투쁠
올드 가드 2,타베_미카코
올드 가드 2,결국 죽지도 않고 또 왔네.
올드 가드 2,새침한_마동석_613114
올드 가드 2,왠만해서 이런 점수는 안주는데. 쩝
올드 가드 2,똑똑한_안나_326074
올드 가드 2,"감독 한명 바뀌었다고 명작이 졸작이 되냐
무술도 다 어색하고 전개도 이상하고 에휴"
올드 가드 2,리아
올드 가드 2,"1편보고 신나서 2편틀었는데 진짜 기대 1도 하지마세요.
무슨 계속 끄고싶은거 참았음
근데 다보니까 안끈걸 후회함"
올드 가드 2,RE2PECT
올드 가드 2,전편의 성공에 안주하고 너무 안일하게 만들었네.
올드 가드 2,계란말이
올드 가드 2,3편도 5년 걸린다면 2편 다시봐야해서 안 볼듯
올드 가드 2,덕희오빠
올드 가드 2,역시나 석연치 않은 마무리
올드 가드 2,junhyeong416
올드 가드 2,분명 1편은 좋았는데. 2편은 뭐지.
무빙,김준모 기자
무빙,대한민국 최고의 스토리텔러가 디즈니의 자본력을 만났을 때
무빙,청
무빙,조금 다르고 특별할 뿐이야
무빙,장혜령
무빙,한국도 엑스맨 같은거 만들 수 있었어!!
무빙,주이지
무빙,나에게는 어떤 능력이 좋을까나
무빙,가보자고
무빙,"스토리, 연출 뭐 하나 빠지는 데가 없다. 한번만 봐서는 아쉬운 드라마. n차 정주행해야만 한다!"
무빙,슈가슈가룬
무빙,"한국형 히어로물이 드디어 성공하는 것 같아서 기쁘다
그 시작이 무빙이라 원작팬으로서 너무 좋음. 각색을 원작자인 강풀님이 해주신게 신의 한수. 배우들의 연기도 맘에 든다"
무빙,구름계단
무빙,"드디어 강풀 원작을 실사화에 성공했다
한국판 히어로물, 연기 액션 CG 모든게 완벽하다"
무빙,키노
무빙,이틀만에 정주행 완료 넘 재밌게 봤다
무빙,아이스크림
무빙,웹툰을 보지 않고 봤기에 소재가 더 흥미롭게 느껴졌고 각 역할별 스토리도 잘 풀어나갔던 것 같다. 배우들이 각자의 역할을 너무 잘 소화한 듯. 귀여운 봉석이^^
무빙,벌크업흰둥이
무빙,풋풋한 청춘물에 초능력이 결합해 멋진 스파이물이 탄생했다. 훌륭한 원작을 1%도 아깝지 않게 만들어준 작품.
미션 임파서블: 파이널 레코닝,매를 버는 승진이
미션 임파서블: 파이널 레코닝,"옆자리에 나이 든 중년의 아저씨분이 앉으샸다. 영화가 시작되니 한 소년이 앉아있었다.
내가 나중에 중년의 아저씨가 되었을때 날 다시 한번 소년으로 만들어줄 그런 영화 시리즈가 뭘까"
미션 임파서블: 파이널 레코닝,나타
미션 임파서블: 파이널 레코닝,같은 감독 작품이 맞나 싶을 정도로 늘어지는 전개. 지나치게 많은 전작과의 연결 짓기 그리고 헌사가 지루하게 만듦. 뚝뚝 끊기는 편집과 긴장감 떨어지는 액션씬. 고생했으나 밋밋.
미션 임파서블: 파이널 레코닝,믹무비
미션 임파서블: 파이널 레코닝,중반 이후로 보여주는 속도감과 몰입도는 초반부의 지루함을 상쇄하고도 남는다.
미션 임파서블: 파이널 레코닝,도도한_567681
미션 임파서블: 파이널 레코닝,3시간이 순식간에 지나갔다
미션 임파서블: 파이널 레코닝,인생영화찾는사람
미션 임파서블: 파이널 레코닝,완벽한 시리즈 마무리 아주 긴 러닝타임이지만 엄청난 스케일과 액션 그리고 연기까지 완벽하다고 본다. 어느 부분이 cg인지 구분하기 힘들정도로 현실적이다. 개재밌음
미션 임파서블: 파이널 레코닝,Supreme
미션 임파서블: 파이널 레코닝,"솔직히, 조질 뻔 했다."
미션 임파서블: 파이널 레코닝,양기자(YCU)
미션 임파서블: 파이널 레코닝,'에단 헌트'와 그의 팀이 선사하는 불가능한 여정을 스크린에서 만끽하는 게 관객에게 주어진 가장 즐거운 임무일 것. 초반 한 시간만 인내 있게 버틴다면.
미션 임파서블: 파이널 레코닝,그렇게간단하지가않음
미션 임파서블: 파이널 레코닝,"좃뺑이친다
너는 미션도 아니다"
미션 임파서블: 파이널 레코닝,키높이오
미션 임파서블: 파이널 레코닝,"안녕 톰 아저씨, 안녕 미임파"
미션 임파서블: 파이널 레코닝,100000
미션 임파서블: 파이널 레코닝,너무 길어서 지루했습니다
스왈로우테일 버터플라이,사과
스왈로우테일 버터플라이,스왈로우테일 버터플라이
스왈로우테일 버터플라이,sayhey
스왈로우테일 버터플라이,일본문화 개방 전 봤었던...당시 총격신등 일부 장면들은 우리 영화에서는 볼 수 없는 충격이였음...차라의 엔타운밴드 노래가 빅히트치고 있어서 봤었지만 뭔가 멍한 느낌의 수작!
스왈로우테일 버터플라이,영화춘
스왈로우테일 버터플라이,이와이 슌지의 세상에 살고싶다.
스왈로우테일 버터플라이,🤍Yonny🤍
스왈로우테일 버터플라이,뿌옇고 막막한 도시에서 유일하게 생기 넘치던 그들만의 관계
스왈로우테일 버터플라이,stupidsocietymisfit
스왈로우테일 버터플라이,"도쿄를 팔아 미국을 살 수 있다던 시절, 나비 한 마리가 갇힌 도쿄 밑마닥 어딘가의 화장실."
스왈로우테일 버터플라이,서교동비구니
스왈로우테일 버터플라이,잠자고 있던 중2병 심히 발동
스왈로우테일 버터플라이,아까그놈
스왈로우테일 버터플라이,"1996년의 영화를 오늘 봤는데, 미래를 예견한 듯하다"
스왈로우테일 버터플라이,mota
스왈로우테일 버터플라이,아게하.
스왈로우테일 버터플라이,양기자(YCU)
스왈로우테일 버터플라이,시대를 상당히 많이 예견한 '마이 웨이' 영화
스왈로우테일 버터플라이,Hause
스왈로우테일 버터플라이,그 시대 속으로 들어간 듯한 몽환적인 이미지의 향연
미세리코르디아,샤일록
미세리코르디아,서스펜스 사이로 치고 들어오는 발칙한 유머와 철학적 고민
미세리코르디아,라파엘
미세리코르디아,"죄를 지닌 인간을 배제하지 않고 끝까지 함께하려는 윤리적 태도와, 그 관계 안에서 피어나는 조용하고도 깊은 자비의 가능성을 섬세하게 드러낸다."
미세리코르디아,이성은
미세리코르디아,"인간은 유약하기에, 안도를 구원이라 착각한다."
미세리코르디아,서교동비구니
미세리코르디아,언젠가 드러나는 숨겨진 욕망
미세리코르디아,Hause
미세리코르디아,짙은 어둠 속에서 마주하는 근원적 본능
미세리코르디아,키높이오
미세리코르디아,알랭 기로디 감독치고는 순하다. 매콤한 순한맛
미세리코르디아,쪠
미세리코르디아,비밀을 덮는 사랑과 욕망
미세리코르디아,양기자(YCU)
미세리코르디아,"이 살인자의 내면이 응당 싫은데, 빠져들게 하는 연출이 무섭다."
미세리코르디아,영화병자
미세리코르디아,선이란 선은 넘을 대로 다 넘어버린 뒤 순애라 우기는 뻔뻔한 욕망의 항아리
미세리코르디아,송씨네
미세리코르디아,無자비의 세상에서 자비를 배푸소서.
극장판 귀멸의 칼날: 무한성편,도도한_서강준_911721
극장판 귀멸의 칼날: 무한성편,재미
엘리오,돈패닉
엘리오,도경수씨 손수건 챙겨가세요
엘리오,도도한_567681
엘리오,우리사회에 전하는 따듯한 위로
엘리오,낯선사람
엘리오,가족이 있는 집으로 돌아가자.
엘리오,사랑이
엘리오,상상이상으로 재밌는 작품  ４개월동안 모은 팝콘 다 쏟아부었는대 전혀 아깝지않다
엘리오,양기자(YCU)
엘리오,우리가 잃어버린 순수함과 그 시절 SF 영화들이 주던 순수한 경이감에 대한 그리움을 더욱 선명하게 드러내는 작품
엘리오,영화가좋다
엘리오,어른아이 구별없이 보기좋은 따뜻한 영화였다!!
엘리오,김세진
엘리오,픽사스러운. 픽사다운 영화
엘리오,완투
엘리오,sf같으면서도 가족이 함께하는 따뜻한 영화
엘리오,또또비됴
엘리오,'당신은 혼자가 아니다‘라는 픽사의 특별하고도 따스한 포옹!
엘리오,나한아항
엘리오,"픽사답지 못하게 누구나 공감 가능한 깊은 감정을 건드리지 못하고, 겨우 이끌어낸 몰입을 캐릭터 붕괴로써 망가뜨린다."
하이퍼나이프,박은빈토깽이다
하이퍼나이프,긴 연기 생활동안 본적 없는 박은빈배우님의 눈빛.. 배테랑 설경구 배우님과의 호흡은 이로 말할 수가 없네요..
하이퍼나이프,우즈
하이퍼나이프,연기 연출 스토리 다 최고입니다..
하이퍼나이프,Happy
하이퍼나이프,"탄탄한 구성, 연출, 치열한 연기와 쫄깃한 전개"
하이퍼나이프,ezzzz
하이퍼나이프,"“정교하게 파고드는 메스 같은 이야기, 깊숙이 파고들어 눈을 뗄 수 없다.”"
하이퍼나이프,침착한_김선호_524239
하이퍼나이프,여기 뭐 죄다 박은빈 팬클럽인가?
하이퍼나이프,폭룡적_김혜수_189102
하이퍼나이프,박은빈배우 연기천재
하이퍼나이프,친절한_아이브_427215
하이퍼나이프,필모 다양하고 캐릭터마다 색깔이 목소리톤까지 갈아끼우는 배우 박은빈
하이퍼나이프,민짱
하이퍼나이프,"시사회로 1 ,2화를 봤는데 정말 입틀막. 박은빈의 연기는 선한 역부터 맑눈광이 악역까지 못 하는게 없구나.설경구에게 도전하는 박은빈의 연기대결 기대만발"
하이퍼나이프,신이난_전지현_565753
하이퍼나이프,박은빈 배우 연기 너무 ㅎㄷㄷ 연기 미쳤다는 말이 절로 나옴.  음악도 산선하고 연출력도 좋아서 2화까지 보는데 시간이 엄청 빨리감.  일단 매우  재밌다
하이퍼나이프,보는맛이무섭다
하이퍼나이프,몰입도 미쳤어요....!!!보면 후회안합니다 강추추!!
28년 후,색시주뇨비
28년 후,좀비 영화로서의 만족도가 제로인 수준
28년 후,TeSla
28년 후,알파의 달랑이만 생각난다.
28년 후,귀여운_침착맨_569931
28년 후,이게뭐죠??
28년 후,PHY
28년 후,이게 뭐고....?
28년 후,마뮤렌
28년 후,진화를 거듭해 진격의 거인으로 돌아오다.
28년 후,논리가_총을_쏘면_타당타당
28년 후,...이게뭐지?
28년 후,홍시
28년 후,하.... 내 기대치가.......
28년 후,100000
28년 후,보고나면 너무 불쾌한 영화
28년 후,브래드앤
28년 후,연출 그 자체는 좋지만 장르와 맞지 않는 전개인듯
28년 후,달려라다롱
28년 후,다음 후속은 280년 뒤에 보자
미션 임파서블,키노
미션 임파서블,시간 가는줄 모르고 재밌게 봤습니다
미션 임파서블,슈가슈가룬
미션 임파서블,"스파이 액션물로 톰 크루즈가 너무나 이단 헌트여서 진짜 좋았음
30년이 다 되도록 시리즈로 이어나간 톰 크루즈의  저력"
미션 임파서블,블루토토
미션 임파서블,역사의 시작
미션 임파서블,천마강림
미션 임파서블,시리즈의 완벽한시작. 어쩌면 1편만큼 완벽한 미션임파서블 시리즈는 없지않을까. 스릴이란걸 이토록 쉽게느끼게 해주다니 ㄷㄷ 다시봐도 너무 재밌다
미션 임파서블,DaDaSi
미션 임파서블,이 영화를 극장에서 못 본 것은 정말 한이 될 것 같다
미션 임파서블,퐝군
미션 임파서블,파이널레코닝 보고 다시 보니까 더 재밌네요.
미션 임파서블,DAY6TONES
미션 임파서블,그렇게 이단 헌트의 역사가 시작되었다
미션 임파서블,낯선사람
미션 임파서블,전설의 시작.
미션 임파서블,믹무비
미션 임파서블,꽤 오래 전 영화지만 몰입하고 봤다. 하지만 지금 보기엔 다음 장면이 예상 가능하지 않았나...
미션 임파서블,나일즈
미션 임파서블,시간 잘가는 오락 영화
파과,만두
파과,연기 구멍이 없다 참 스타일리시한 오타쿠 저격 영화
파과,귀여운_침착맨_569931
파과,한국 영화 홍보의 문제점 너무 과장한다
파과,나비소년
파과,망가진 과일도 맛있다는걸 보여주는게 아니었다. 치열하게 살아보니 과일이 멍도 들고 못나질 수 있다는 이야기였다. 그건 분명히 다르다.
파과,힙합팬
파과,"몇몇 개연성과 감정선에 의아함을 느끼긴 했지만,
그걸 다 상쇄시키는 신선하고 치밀한 장르물!"
파과,구씨
파과,"엑팅 한 번, 중2병 대사 한 번, 그리고 정돈 안 된 이야기와 편집. (사랑이님께 양도 받아 관람)"
파과,지니
파과,김성철이 더 좋아졌다 연기가 더 성장했어
파과,쩡이썬이
파과,"투우를 잘 살리냐에 따라서 영화가 살수 있다고 생각했는데 생각 외로 너무 매력적임.
(시사회 25.4.24)"
파과,하다니
파과,"소재만 좋았다
액션의 상당부분은 누가 봐도 대역이 하는 뒷모습 액션
감정선은 동감되지 않고, 뜬금없는 과거회상씬은 실소만
진심 투우가 살길 바랬다"
파과,고고한_엠마스톤_822683
파과,한국영화가 망해가나
파과,고고한_브래드피트_337494
파과,1.5점 정도 줄려다가 후기가 좋다고 광고하는 거 보니깐 정 떨어져서 0.5점 드립니다. 대사도 그렇고 연기도 그렇고 배우가 집중 못하고 있는 모습이 많이 보이고 개연성이 없어요.
악의 도시,침착한_스필버그_149362
악의 도시,"아쉬운 연기, 아쉬운 전개, 아쉬운 결말
아쉽고 아쉽고 또 아쉽다"
악의 도시,sleepless0401
악의 도시,iksy님 양도로 참석
악의 도시,쉼표860508
악의 도시,"내 시간이 아까운 영화..또 오랜만이네..
3류영화임
스토리, 연기, 연출, 대본 뭐하나 좋은 게 없음"
악의 도시,BIGMAC_bro
악의 도시,형편없는 연출과 시나리오. 한채영 복귀작이라 1점 더줌.
악의 도시,aurybury35
악의 도시,아 진짜  너무 무례하다
악의 도시,러블리뇽뇽
악의 도시,흠...너무나
악의 도시,JY
악의 도시,전체적으로 너무나 성의없는 연출과 각본&스토리..😔
악의 도시,행복한_김혜수_456295
악의 도시,재밌어요 추천합니다
썬더볼츠*,BIGMAC_bro
썬더볼츠*,마블이 돌아왔다 라고 하기엔 새로운 맛으로 돌아옴 ㅋㅋ
썬더볼츠*,호잉이아빠
썬더볼츠*,밥사이드아웃
썬더볼츠*,ezzzz
썬더볼츠*,"“초능력 대신 상처를 장착한, 결함이 시대를 구원하는 불완전한 히어로.”"
썬더볼츠*,믹무비
썬더볼츠*,"트라우마에 의한 공허, 혼자서 짊어지려 하지 마!"
썬더볼츠*,귀여운_침착맨_569931
썬더볼츠*,악딩이 너무 강력해서 히어로가 매력없음 ㄴㅋㅋ
썬더볼츠*,만두
썬더볼츠*,가오갤 베이스에 문나이트 한 스푼 엑스맨 한 스푼
썬더볼츠*,$ome
썬더볼츠*,지금까지 가지무침을 먹어 온 마블팬들에게 정상화를 알리는 루저들의 이야기
썬더볼츠*,검정고무신
썬더볼츠*,마블 영화보고 울컥하는 건 엔드게임 이후 처음이네 ㅎ 갱년기인가?
썬더볼츠*,요키치
썬더볼츠*,반응이 너무 좋길래 봤는데 그 정도인가? 라는 결론
썬더볼츠*,레몬
썬더볼츠*,옐레나를 중심으로 하는 루저들의 팀업. 개그 포인트가 많아서 웃으면서 관람 가능. 간만에 재미있는 마블 영화였다
가치아쿠타,PHY
가치아쿠타,"참....애매하다, 대사가 많이 오글거림."
첫잔처럼,친절한_브래드피트_190482
첫잔처럼,"독립영화 맹키로 보믄 나쁘진 않음.
볼 거 없을 때, 잔잔하게 보기 좋음."
첫잔처럼,최승교
첫잔처럼,우리 사회의 보통 직장인들을 위한 잔잔한 건배사
핸섬가이즈,Marigold
핸섬가이즈,사람이 죽는데 웃고있어요
핸섬가이즈,나비소년
핸섬가이즈,"그래. 코미디영화는 그냥 웃기기만 하면 되는거다. 어줍잖게 교훈, 감동 같은거 넣을거 없이 그냥 웃기게만 만들면 되는거다. 같이 보러간 사람이랑 영화보고 즐거우면 된거니까."
핸섬가이즈,영화조아
핸섬가이즈,이희준 진짜 ㅋㅋㅋㅋ귀엽고 웃기고 멋있고 섹시하고 매력적인건 자기가 다 함 ㅋㅋㅋㅋ 진짜 미치겠음
핸섬가이즈,가보자고
핸섬가이즈,어떤 내용이냐고 물으면 뭐라고 해줘야할지 모르겠는데 개애애애애애웃기고 잔인하고 사람이 죽는데 웃고 있는 이상한 영화 🤣🤣 오늘의 교훈: 영어공부를 하자 (?)
핸섬가이즈,슈가슈가룬
핸섬가이즈,"B급 코미디물을 아주 좋아라 하진 않지만 적어도 내 취향은 아니었던 걸로..
웃긴 웃었는데 어이가 없어서 웃은 기억이 더 많음. 좀 킹받게 웃기는 작품인듯
배우들 연기는 좋았다"
핸섬가이즈,귀여운_침착맨_569931
핸섬가이즈,이게 왜 창고영화였는지 아쉬울 따름 ㅎㅎㅎ
핸섬가이즈,재밌는_신동엽_248133
핸섬가이즈,비싼돈내고 중간에 나와보긴 첨이다. 이것도 영화냐
핸섬가이즈,리무진
핸섬가이즈,'킬링 로맨스'와 '죽지 않는 인간들의 밤'의 상위 호환ㅋㅋㅋㅋㅋㅋㅋㅋㅋㅋㅋ
핸섬가이즈,양기자(YCU)
핸섬가이즈,"원작이 있긴 한데, 이렇게 한국 상업 영화 보면서 웃음 터진 시사회는 좀 오랜만이라 반가운 B급 호러 코미디"
핸섬가이즈,벌크업흰둥이
핸섬가이즈,기괴한데 재밌는 매력적인 B급영화
위키드,마르
위키드,별맛은 없고 생긴 것만 화려한 디저트 같음
위키드,화가난_아이브_104441
위키드,그냥 무조건 봐라 최고다
위키드,duda
위키드,추락하는 순간 어린시절을 마주하고 빗자루를 타고 다시 날아오르며 디파잉 그래비티를 외칠 때의 벅차오르는 감동이 기억에 남는다. 후반 20분을 위한 전반 140분의 여정
위키드,나타
위키드,역대급 서사와 비쥬얼과 넘버와 연출이 어우러진 뮤지컬 영화상 최강이라 할만한 작품. 어서 빨리 다음 이야기가 보고 싶어짐. 중간에 눈물이 왈칵 쏟아지는 장면도 있음. 감동적임.
위키드,귀여운_침착맨_569931
위키드,뮤지컬로만 본 위키드를 입체적으로 화려하게 각인 시켜준 영화
위키드,ㄷㄴㅂ
위키드,"소외 되었을뿐, 결코 약하지 않음에도"
위키드,나이트시네마
위키드,"'그냥 볼만하네' 싶다가
Defying Gravity 파트에서 고쳐잡은 자세"
위키드,초쿠뉴
위키드,진짜 재밌게 봤는데 오프닝때 폰트 진짜 무슨일..? 너무 구려서 두통 옴
위키드,침착한_크리스토퍼_788845
위키드,"2부작인줄 끝에 보고 알았음.
3분의2가 넘 지루한데... 뺄건 빼고 한편으로 마무리하지 ㅡ.ㅡ+
나머지 3분의1때문에 그나마 위안."
위키드,삼봉이형
위키드,"원작 소설과 뮤지컬을 안 본 상태로 봤는데, 너무 재밌어요!
음악과 연기가 할 말 다 했어요..!!"
올드 가드,귀여운_침착맨_569931
올드 가드,죽지 않는 존재에 대한 새로운 영화 ㅎㅎ
올드 가드,영알못
올드 가드,이번에도 증명한 넷플릭스 특유의 공식 : 스타를 전면 앞세워 허점투성이 가리기.
올드 가드,DaDaSi
올드 가드,죽지 않은 사람들의 공포
올드 가드,KinoDAY
올드 가드,"넷플릭스 <올드 가드>, 신선함은 부족한 여전사의 데뷔"
올드 가드,RE2PECT
올드 가드,샤를리즈 테론 때문에 봤는데 볼만했음.
올드 가드,덕희오빠
올드 가드,뭔가 석연찮은 마무리
올드 가드,재밌는_도라에몽_433497
올드 가드,"간지에만 초점을 둔 느낌이라 조금 아쉬움
빌런쪽이 인류를 위한 사명감이 더 커보이는데 관점을 정하고 밀어붙이는 듯"
올드 가드,영화보는영어쌤
올드 가드,흥미있는 소재를 들고 엔딩까지 지루하지 않게 달린다.
올드 가드,천재개구리
올드 가드,기대했던 작품이나 시작 10분만에끔.감독이 액션과 유머를 대하는 태도가 유치 찬란
올드 가드,궁금한_뉴진스_299597
올드 가드,재밌었음
지지고 볶는 여행,무하마드찰리
지지고 볶는 여행,그냥 하던거나 하자
지지고 볶는 여행,안과학
지지고 볶는 여행,그냥 뭔가 공감되는 여행이다. 여행은 원래 지지고 볶는게 맛이다.
지지고 볶는 여행,행복한_팀버튼_326290
지지고 볶는 여행,"나는솔로 애청자로서 익숙한사람들의 새로운 감정선을 
시청자에게선사 즐겨 보고있읍니다"
스트릿 우먼 파이터 2,톰홀랜드
스트릿 우먼 파이터 2,싸움구경하는듯 보게되는 스우파2
스트릿 우먼 파이터 2,봄봄.
스트릿 우먼 파이터 2,다들 춤을 잘춰서 볼맛남 바다웅니 짱🔅
스트릿 우먼 파이터 2,민주돌이
스트릿 우먼 파이터 2,스우파1보다 낫네요 바다가 짱인듯
스트릿 우먼 파이터 2,생귤탱귤귤
스트릿 우먼 파이터 2,역시나 본방사수하게 만드는 프로그램
스트릿 우먼 파이터 2,온리샨
스트릿 우먼 파이터 2,재밋어여
스트릿 우먼 파이터 2,JAYU
스트릿 우먼 파이터 2,스우파2를 보자마자 커스틴퀸을 경배하게 되었지만 그녀가 인정한 리얼월드와이드배틀러인 마네퀸쌤들(왁씨 윤지 쎄라)을 인정하지 않을 수가 없음 이분들이 한국댄서인게 자랑스럽다
스트릿 우먼 파이터 2,찐더쿠
스트릿 우먼 파이터 2,바다
스트릿 우먼 파이터 2,고앵씨
스트릿 우먼 파이터 2,스우파 1 만큼 모든이들이 돋보이는 방송이 되지못한건 아이키같은 캐릭터가 없어서일까 아이키가 없어서일까. 시작전부터 바다만 보였는데 역시다. 승승장구해라
스트릿 우먼 파이터 2,폭룡적_카리나_812159
스트릿 우먼 파이터 2,"너무 길고 길어서 좀 지루한 경향이 있어 뒤로갈수록 안보게됨 시즌1의 성공을 알기에 모두 순한맛 변신, 추후 3가 나온다면 볼 것 같지않음"
스트릿 우먼 파이터 2,클로버
스트릿 우먼 파이터 2,최고였다. 모든 팀들이 너무 멋있었고 특히 미션 하나하나 각 팀들이 발휘된 느낌이라 볼 때마다 감탄했다
서브스턴스,샤일록
서브스턴스,"부위별로 나눠서 품평하고, 오래되면 신선하지 않다고 버려진다면 인간은 한낱 고깃덩어리와 다를 바 없다"
서브스턴스,토니스탱크
서브스턴스,"찬란하고 기괴하며, 역겨우면서도 아름다운 영화.
씨발."
서브스턴스,오징어참치김밥
서브스턴스,다 좋은데 마지막에 분수쇼는 좀...
서브스턴스,빌런팝콘
서브스턴스,친절히 뇌뚜껑을 직접 열고 쑤셔 넣어주는 메시지.
서브스턴스,나무
서브스턴스,자신의 모든 걸 싫어해 본 사람들에게 바치는 영화
서브스턴스,씨네소울
서브스턴스,영화 서브스턴스 뜻 정보 출연진 관람평점 줄거리 리뷰 결말 후기 스포 쿠키 외모지상주의를 신랄하게 비판하는 하드고어 영화추천
서브스턴스,아이럽무비
서브스턴스,몰입도 색감 너무 좋다 다만 후반부에 힘들다....
서브스턴스,쏨땀
서브스턴스,롤코탔는데 내려주지않음 영원히
서브스턴스,박수민
서브스턴스,난 왜 이 영화 슬프지
극장판 귀멸의 칼날: 무한열차편,귀여운_침착맨_569931
극장판 귀멸의 칼날: 무한열차편,정의는 어떠한 난간에도 무너지지 않는다!
극장판 귀멸의 칼날: 무한열차편,when_i_met_movie
극장판 귀멸의 칼날: 무한열차편,항상 뜨겝게 불타오르던 한 남자의 따듯한 신념과 마음
극장판 귀멸의 칼날: 무한열차편,꿈꾸는 토토
극장판 귀멸의 칼날: 무한열차편,"감동과 코믹 스토리, 3D와 2D가 적절히 섞인 화려한 그림체는 2D 특유의 일본 애니가 가지는 장점을 극대화한다."
극장판 귀멸의 칼날: 무한열차편,임희봉
극장판 귀멸의 칼날: 무한열차편,"미쳐버린 작화와 뼈를 갈아넣은 액션씬들, 활활 불타오르는 소년만화의 염주(炎柱)!"
극장판 귀멸의 칼날: 무한열차편,황민철
극장판 귀멸의 칼날: 무한열차편,완벽하게 궤도에 올라탄 시리즈의 액션과 볼거리가 쉴 새 없이 질주한다.
극장판 귀멸의 칼날: 무한열차편,영화의순간들
극장판 귀멸의 칼날: 무한열차편,"좋은 원작이라는 원석과, 그것을 잘 세공해내는 능력, 애니메이션 시리즈에서 바로 이어지는 스토리전개가 만족스럽다. 거기에 박력넘치는 액션신을 스크린으로 본다는 것이 그저 감사할따름"
극장판 귀멸의 칼날: 무한열차편,지누씨네
극장판 귀멸의 칼날: 무한열차편,"싸움부터 교훈까지 모두 말로 설명하는
고루한 일식 스토리텔링"
극장판 귀멸의 칼날: 무한열차편,색시주뇨비
극장판 귀멸의 칼날: 무한열차편,원작 애니 안보고 봤는데도..
극장판 귀멸의 칼날: 무한열차편,궁금한_이병헌_439706
극장판 귀멸의 칼날: 무한열차편,"염주 렌고쿠 쿄주로, 그의 정신과 강함을 본받고 싶다"
극장판 귀멸의 칼날: 무한열차편,100dooshanpictures
극장판 귀멸의 칼날: 무한열차편,"아카자의 전투를 제외하면 지루한 신파, 말 ㅈㄴ 많은 빌런, 열차는 개뿔 꿈만 꾸는 3인방 때문에 원작을 모르는 입장으로써 불친절함"
죽지않는 인간들의 밤,팜므파탈캣
죽지않는 인간들의 밤,"마음편히 죽을 수 조차 없는 3번 실패해도 4번 결혼해야하는 한국의 찌질한 현실에 대한 신명나는 애도
괴물을 잡아먹고 괴물이된다는 뻔하고 찰진 묘사까지 와우
210221"
죽지않는 인간들의 밤,BIGMAC_bro
죽지않는 인간들의 밤,.
죽지않는 인간들의 밤,그림소리
죽지않는 인간들의 밤,"경쾌하고 컬트 냄새나는 감독의 개성은 여전히 살아있지만, 평이한 스토리라인과 자극 없는 연출도 여전하다."
죽지않는 인간들의 밤,재밌는_도라에몽_433497
죽지않는 인간들의 밤,개그가 올드함
죽지않는 인간들의 밤,SOMACUBE
죽지않는 인간들의 밤,신정원감독영화는 역시나 특이해..
죽지않는 인간들의 밤,김수해
죽지않는 인간들의 밤,죽여주는 영화를 바랬는데
죽지않는 인간들의 밤,고고한_짱구_777843
죽지않는 인간들의 밤,옛미국비급코메디보는거같아 이거 왜이렇게 평가가 안좋지 난 너무 재밌는데 ㅋㅋㅋㅋㅋㅋㅋㅋ 국내에서 이정도 스무스하게 만들었으면 명작이다 ㅋㅋㅋㅋ
죽지않는 인간들의 밤,사랑과행복사이
죽지않는 인간들의 밤,이건 만화책으로 나오면 좋았을..
죽지않는 인간들의 밤,랩소디
죽지않는 인간들의 밤,양동근이 아까움
죽지않는 인간들의 밤,로코물을좋아하는silverstone
죽지않는 인간들의 밤,"색깔있는 감독의 색깔있는 영화. 코드만 맞다면 재밌겠지만, 아니라면 허무할 것 같다. 코미디는 바람이 빠지고 스토리니 메시지는 목적지가 없다"
맨 오브 스틸,귀여운_침착맨_569931
맨 오브 스틸,"역대급 웅장하고 멋진 슈퍼맨이야기 
서사전개에서 엔딩 마무리 까지 무게를 유지하면서 산듯한 느낌이 듬"
맨 오브 스틸,만두
맨 오브 스틸,헨리 카빌 진짜 슈퍼맨 그 자체임.
맨 오브 스틸,한리부
맨 오브 스틸,액션만큼은 끝내주는
맨 오브 스틸,상냥한 토비
맨 오브 스틸,슈퍼맨의 현대적 재해석
맨 오브 스틸,크리스_X_엔터테인먼트
맨 오브 스틸,만약에 드래곤볼이 실사로 다시 나온다면 꼭 전투장면은 이 영화를 참고하길...
맨 오브 스틸,놀라운_봉준호_370241
맨 오브 스틸,슈퍼맨은 헨리카빌이지!!!!!!
맨 오브 스틸,재미만봐요
맨 오브 스틸,"모두가 즐기는 히어로물에
잭스나이더는 너무 어둡다"
맨 오브 스틸,다흰
맨 오브 스틸,조금 더 시간이 지난 뒤 리메이크를 하지 않아도 늦지 않았을듯
맨 오브 스틸,리뷰_한_줄
맨 오브 스틸,"왜 내가 DC를 싫어하는지 알게 되었다. 서론은 길고, 본론은 지루하고, 결론은 뻔하다."
맨 오브 스틸,junhyeong416
맨 오브 스틸,열쇠를 잘 꽂자
보이즈2플래닛 K,아직 작성된 리뷰가 없어요
조 블랙의 사랑,보고싶당웅재
조 블랙의 사랑,본지 오래돼서 가물가물한데도 참 예쁘고 설렜다는 느낌이 생생하다.
조 블랙의 사랑,황민철
조 블랙의 사랑,로맨스영화가 겁도 없이 인생의 행복이라는 커다란 주제마저 욕심을 낸다.
조 블랙의 사랑,영화조아
조 블랙의 사랑,우리의 인생이란 영화엔 언제나 죽음이라는 아름다운 결말이 있다
조 블랙의 사랑,FREESIA
조 블랙의 사랑,생과 사 그 사이의 의미를 찾아가는 영화
조 블랙의 사랑,홍무비
조 블랙의 사랑,조용하고 느린 호흡 속에서 더욱 도드라지는 사랑의 눈빛들
조 블랙의 사랑,즐거운_강동원_438841
조 블랙의 사랑,"나에게도 마음껏 사랑할 수 있는 날이 오길.
아빠의 사랑이 너무나 충분하게 느껴졌고 그 사랑으로 성장하고 더 사랑하고 사랑받는 삶을 살고 싶다. 더 없이 행복해보자. 모두"
조 블랙의 사랑,행복한_도라에몽_624433
조 블랙의 사랑,"클레어 폴라니, 브레드 피트, 앤소니 홉킨슨 란 좋은 배우들과 완벽한 연출, 음악, 스토리.
이게 영화다."
조 블랙의 사랑,pear_mingyu
조 블랙의 사랑,저승사자조차 매료돼버린 인간의 삶을 우리 스스로가 너무 저평가하는게 아닌지.
조 블랙의 사랑,그린티
조 블랙의 사랑,"브래드 피트의 리즈 시절을 볼 수 있었던, 이름도 어찌 조블랙인지 감미롭다.  (영화와 별개지만 어쨋든 불륜남)"
조 블랙의 사랑,일일영화
조 블랙의 사랑,감독이 저승사자에게 세시간짜리 영화를 만들라는 협박을 받은 게 아니고서야
마녀,조조할인
마녀,지옥에서 온 천사를 보았네
마녀,주이지
마녀,와~  이반전 무엇. 이 액션 무엇. 엄지척
마녀,귀여운_침착맨_569931
마녀,강력한 파워에 유치가 어느정도 많이 들어가 나름 소소한 영화
마녀,김한우
마녀,"느리지만, 단호한. 박훈정의 자신감에 배팅한다."
마녀,고앵씨
마녀,박훈정감독님의 마녀 세계관의 시작. 엄청 센세이션했던 영화. 다미를 일약 스타덤으로 이끈 영화. 순수한 아기같은 얼굴로 힘과염력 모든게 갖춰진 최강캐릭터 등장의 서막을 알린 영화
마녀,창원전지현🫰🏻
마녀,"김다미님 매력연기에 몰입되는 마녀... 
계속 보아도 재밋어어ㅡ"
마녀,보고싶당웅재
마녀,잔인하고 무서운 영화는 잘 못 봐서 낮은 평가. 연기는 참 좋았도 스토리도 나름 괜찮긴 했는데 내 스타일은 아닌 걸로.
마녀,티누비엘
마녀,"아직은 미생인 자윤의 이야기, 완생에 이르기 위한 그녀의 여정이 궁금해지는 첫 단추"
마녀,영알못
마녀,뭔가 '이상한' 영화.
마녀,팜므파탈캣
마녀,"여태 인간병기 복수물이 많았지만 이렇게 2편을 기다리게 하긴 또 처음이다.
비현실적으로 갑자기 인간미가 솟는 일 없어 더 좋았다. 마녀 아가씨, 다음을 보여줘.
200225"
데드 어게인,아직 작성된 리뷰가 없어요
포드 V 페라리,귀여운_침착맨_569931
포드 V 페라리,이걸 4d로 못본게 너무나도 안타까움
포드 V 페라리,조신익
포드 V 페라리,"자동차와 사람, 양 갈래로 심장을 뛰게 하는 영화"
포드 V 페라리,느린
포드 V 페라리,중간에 안녕하세요라고 한국말이 나오는데 나만 들었나요??
포드 V 페라리,장혜령
포드 V 페라리,무엇을 할 때 가슴이 뛰고 좋은지 생각해 본 적 있나요?
포드 V 페라리,엔팁
포드 V 페라리,"B+
공중에 탑건이 있다면 땅에는 포드 V 페라리가 있다."
포드 V 페라리,호잉이아빠
포드 V 페라리,"심장을 펌프질하는 화끈한 레이싱, 새롭고 인상깊은 형태의 더비!"
포드 V 페라리,Desplat
포드 V 페라리,두서 없는 ‘쉘비 & 마일스’ 2회차 후기
포드 V 페라리,Namuneulbosiki
포드 V 페라리,"제임스 맨골드 감독의 영화 <포드 V 페라리> (2019)는 레이싱 영화로 접근하든, 개인과 조직 모두에게 주어진 변화에 관한 실존적인 질문을 다루는 영화로 접근하든 둘 다 만족감..."
포드 V 페라리,믹스커피
포드 V 페라리,"+7000 GO LIKE HELL
7000RPM 이상으로 미친 듯이 밟아"
포드 V 페라리,when_i_met_movie
포드 V 페라리,변화하며 앞으로 나아가는 건 차나 인간이나 마찬가지
델마와 루이스,슈가슈가룬
델마와 루이스,"여성 버디무비로 진짜 애정하는 작품
아직 파릇파릇한 신인이던 브래드 피트를 보는 맛도 있고
엔딩씬은 뭐 말해뭐해 두 배우의 명연기가 찢었다"
델마와 루이스,영알못
델마와 루이스,"'우리는 자유로워지고 싶다'는 생각을 은연중에 많이 한다. 각자 일상 속에서 보이지 않는 억압, 편견 등에 둘러싸인 채 살아가고 있다. 어딘가에 갇혀 있지 않아도 우리는 현대 사회..."
델마와 루이스,뱃사공
델마와 루이스,우리 잡히지 말자.
델마와 루이스,호잉이아빠
델마와 루이스,투박하게 그린 두 여성의 성장기
델마와 루이스,열이아빠
델마와 루이스,수전 새런든이 꽤 어리게 보이지만 저 때 이미 40대..
델마와 루이스,안뇽나는예찬
델마와 루이스,원하든 원치 않든 달릴 수 밖에 없는 모습을 잘 담았다
델마와 루이스,stupidsocietymisfit
델마와 루이스,너의 첫 여행이자 우리의 마지막 여행.
델마와 루이스,폭룡적_팀버튼_422706
델마와 루이스,여성의 시각과 언어로 보면 다른 세상이 열리는 영화. 그들의 모든 선택에 십분 동감한다
델마와 루이스,라파엘
델마와 루이스,억압과 통제로 가득했던 일상에서 벗어나 삶의 주도권을 되찾아가는 여정을 통해 자아와 자유에 대한 강렬하고 통찰력 있는 메시지를 전달한다
델마와 루이스,631
델마와 루이스,이런 엔딩을 다른 영화에서도 볼 수 있을까. 엔딩의 가치가 상당하다. 그녀들은 웃고 있지만 정작 화면 너머로 모든 걸 보고 있었던 나는 웃지 못 했음에도 속은 정말 시원했다.
탑건: 매버릭,주이지
탑건: 매버릭,제트기는 정말 멋졌지만 예전을 떠오르기엔 약간의 아쉬움이
탑건: 매버릭,박수민
탑건: 매버릭,미쳤나 요근래 이렇게 벅차오르긴 처음인데
탑건: 매버릭,키노마크
탑건: 매버릭,내 심장도 하늘 위로 날아가 버릴것만 같다.
탑건: 매버릭,낡은호출기
탑건: 매버릭,눈물 과 요실금을 동시에부르는 열정 과 추억
탑건: 매버릭,블루토토
탑건: 매버릭,전투기를 조종하고 있는 기분! 짜릿하다
탑건: 매버릭,귀여운_침착맨_569931
탑건: 매버릭,포디로 봤는데요 진짜 지리는줄 알았습니다 ㅎㅎㅎ
탑건: 매버릭,아이스크림
탑건: 매버릭,그래...역시 톰크루즈. 역시 탑건. 때를 놓쳐 극장에서 보지 못하고 뒤늦게 ott로 접하게 되서 아쉬운 영화 중 하나.
탑건: 매버릭,구벨만
탑건: 매버릭,변해가는 시대의 중력을 이겨내고 그 시절의 낭만을 담아낸 톰 크루즈의 얼굴.
탑건: 매버릭,동구리
탑건: 매버릭,불후의 엔터테인먼트
탑건: 매버릭,황민철
탑건: 매버릭,"우리가 블록버스터 내지는 오락영화에 기대할 수 있는 모든 것이 완벽하게 담겨있는 현시대 최고의 ""엔터테인먼트""가 아닐까 싶다."
오징어 게임 시즌 2,샤베트
오징어 게임 시즌 2,시즌1부터 작품성이 있진 않았지만 시즌2로 오면서 그나마 있던 재미마저 잃고 오글거리고 구린 연출만 가득해졌다
오징어 게임 시즌 2,도도한 스필버그_97923
오징어 게임 시즌 2,오ㅐ? 난 재밌게 봤는데????
오징어 게임 시즌 2,Marigold
오징어 게임 시즌 2,공유라는 배우를 다시 보게 된것만으로도
오징어 게임 시즌 2,현이버스
오징어 게임 시즌 2,"늘어지는 서사, 지루한 게임. 욕심만 많았던 3편의 징검다리."
오징어 게임 시즌 2,화가난_조인성_113352
오징어 게임 시즌 2,제작비를 배우 섭외비에 다쓴거 같음
오징어 게임 시즌 2,요키치
오징어 게임 시즌 2,시즌1은 걸리는게 있어도 치달리는 전개에 마지막까지 보게 만드는 힘이 있었는데 시즌2는 방지턱에 계속 넘어지는 느낌. 특히 후반부는 정말...
오징어 게임 시즌 2,느낌표
오징어 게임 시즌 2,"첫화에 양복남의 신들린 연기에 빠져서 7화까지 정주행하게 만든다.
한국인이 느끼기에 다소 오글거릴수 있지만
오징어게임 2를 만든다 했을때 내놓을 수 있는 거의 완벽한 정답인듯"
오징어 게임 시즌 2,샨이나라다
오징어 게임 시즌 2,오겜2 기대안했었는데 임샨 출연한데서 몹시 기대됨. 탑이 에러다..
오징어 게임 시즌 2,맛초킹
오징어 게임 시즌 2,오징어게임에서 게임은 어디가고 총질만
오징어 게임 시즌 2,100000
오징어 게임 시즌 2,시즌2는 나오면 안됐습니다.
